"","fintech_res.sigma.filt_fintech.","cbank_res.sigma.filt_cbank."
"1",0.0237407221296515,0.73543975084044
"2",-1.33704025515256,0.27916724081345
"3",1.08278566088389,-0.503555827080819
"4",0.522521532766188,-2.53872027454394
"5",0.113489009294732,0.0775545789838031
"6",1.14365181426673,0.748442442359208
"7",-0.35659636405419,-0.0294075182260424
"8",-0.103503207465954,-0.342300829869625
"9",-1.02423750367481,-0.689330454304257
"10",0.792325928854634,-0.109513524862749
"11",-0.0716870543886801,-0.42947076884955
"12",1.24020987835056,-0.825976930306507
"13",-0.33191116534719,0.2217217589461
"14",0.300127331805142,-0.467964399468196
"15",0.0895791725947796,0.272318575706898
"16",-0.386256441758338,-0.0755906514267655
"17",-1.04500985161978,1.191715150158
"18",0.10749189854683,0.756644329480842
"19",0.862174985169493,-0.330265633444673
"20",0.231794677847151,-0.0301364584479464
"21",-0.278622395883037,0.371296494976562
"22",0.794531081562582,0.397248050787214
"23",-0.315362115650432,0.805491204224187
"24",0.688485416062669,-0.329797649641464
"25",-0.0487420905737751,-0.408360119315372
"26",0.368999048170808,-0.0414189517981919
"27",-0.0643472660835396,-0.471834010575625
"28",-0.358531780843127,0.832667567156305
"29",-0.998517906069241,0.00509016834895822
"30",-0.990307216592076,1.31051242741363
"31",-0.407549983902836,1.20398892583299
"32",-0.293604896791387,2.09182543640588
"33",-0.390180672109772,-3.26584838522647
"34",-4.83680951885362,2.47459192860567
"35",0.20835499421011,-0.430086935334435
"36",0.507133215655019,-0.00662130991508878
"37",-0.0462088068883951,0.609517950753639
"38",0.0854391988530116,-0.158717183387621
"39",0.146722335976242,0.431816693418864
"40",-0.101736488380467,1.11198654586988
"41",-0.156558747898219,1.05388343184606
"42",3.25105565980973,-0.435696370566102
"43",-0.343756107753919,0.214958576067734
"44",0.408001068128473,0.843671847491248
"45",0.199589181082049,0.835352598521128
"46",-0.515501170977721,1.69033812905246
"47",0.92683541366259,0.290862288226209
"48",-0.153021479585577,-0.360577165489518
"49",0.160426304921879,-0.28417395993759
"50",1.16949830587854,1.0926974990025
"51",-0.590279472563288,-1.38087677298337
"52",-0.675874011223047,-0.0514952829744229
"53",-0.54754889628966,-0.564689196339739
"54",2.32172618456728,-0.838963390876881
"55",0.169263993803961,2.51770859763103
"56",1.49218445073125,-0.0587314648351127
"57",0.858240473825645,-0.142808989974203
"58",-0.914527889243019,-0.345144019068557
"59",0.314231002471777,-0.21044343630167
"60",-0.578213492249547,0.169344528040371
"61",-0.318791868043823,1.24665047322847
"62",-0.732124101330025,0.0621096494750523
"63",1.2590114993089,2.97206995201868
"64",1.19439540105758,0.416593852988449
"65",-0.322290350090476,1.30546037309549
"66",0.129243048605555,-0.455550890972523
"67",0.481654277399977,-0.465663932814518
"68",1.43326460798664,-0.399189612314971
"69",0.676626626492275,0.147997627909958
"70",-0.329151755128341,0.972232582391005
"71",0.862880606124884,-0.0780452227237903
"72",-0.801339447529306,-0.623309473727884
"73",4.63776075993312e-07,-0.370514493670228
"74",0.321701880974661,-0.0357449870366252
"75",0.124179025795318,-0.0272269527009028
"76",0.291333721903374,-0.463024379732866
"77",0.12500588900367,-1.4489196985068
"78",-0.751954894379224,-1.55148610094755
"79",0.773253111093332,-0.193338668309527
"80",-1.01332091546487,0.356840209576227
"81",0.568487931836338,1.1722317602645
"82",-0.980471111851994,0.66955196011699
"83",-0.526505611346648,0.6632953577497
"84",-1.21834783729481,0.874703846791088
"85",0.137200006345315,-0.531676282309637
"86",0.413683344507059,-1.06799766707606
"87",-0.10132132913171,-0.294817653868718
"88",0.697507715777318,-0.52803461103348
"89",1.27959212455913,-0.0893730521193718
"90",1.22679400356593,0.448669289182533
"91",-0.809439170583947,0.75079731439592
"92",-0.167379507725954,-0.238464764658347
"93",0.234372474779083,-0.565339702179263
"94",-2.13210633579341,0.207787018553373
"95",-0.179644894939584,-0.321422624446834
"96",-0.50835347584844,0.844464797609903
"97",-0.663281350510263,0.5751806651106
"98",0.77759981118696,-0.533750738429816
"99",0.301759826761988,-1.79661605984809
"100",-0.161232305640087,0.137363053351041
"101",0.265697366659433,-1.58748225455487
"102",0.0357862616652253,-2.29678281407229
"103",-0.815531047919795,0.606944693758146
"104",-2.51778031053031,0.447836054891953
"105",0.453638702453169,-3.2028773002493
"106",0.207168117006344,-1.06598362307913
"107",-0.239852598722265,-0.771918515310724
"108",-0.612114153865971,-0.506496472616157
"109",0.604135901811459,-0.505877312809499
"110",0.652447712146495,1.01025873572425
"111",0.713058205459369,1.02516381750951
"112",0.694608028967498,-0.780815797425021
"113",0.103418558639798,-1.4286423131211
"114",-0.032047239653918,0.362219293274061
"115",-0.319658564858119,-0.350386322017007
"116",-1.06729996850342,-0.39600114810226
"117",-0.255102187668727,-1.02585351192598
"118",-2.38510620541487,2.27835480008295
"119",0.324513824906151,0.491472671461094
"120",0.461637417359862,-0.440489777142879
"121",0.282584738997579,2.58113644655837
"122",-1.6869938076597,-0.397459641396655
"123",0.0429279744269025,0.0136722312895729
"124",-0.880700198876718,-0.978663250329603
"125",1.57262222233714,-0.683047607588367
"126",-0.0178461832791532,0.140987783438022
"127",-0.661668307522199,-0.040450479187882
"128",1.10417003639622,-0.296530203148635
"129",-0.837099947218674,-0.0667390230188947
"130",-1.64897506581415,1.63224997795734
"131",0.731057438615268,-0.41556411809529
"132",-0.0812423177742032,-0.525565999628376
"133",0.529331331700692,-0.580526154758012
"134",1.45977846343998,0.193487444355065
"135",-0.641054101359838,-1.48083097413295
"136",0.187691658213207,0.424607124121318
"137",-0.0233839394840365,-0.346310628359889
"138",-0.287658455421512,-1.00893854034109
"139",-0.86321898186426,-0.14482707160871
"140",1.06950816237358,0.8776161598055
"141",-0.968470913587884,0.277347322563681
"142",-0.256819246063012,-0.032212848666016
"143",-0.715183925705924,-0.0446894705293663
"144",-1.16103890685432,0.66788158181026
"145",0.369918727089667,1.02914405344125
"146",-0.648719471382311,-0.888739880745083
"147",-0.0616600146435614,0.262644922963255
"148",0.357992313106754,1.2945801096733
"149",0.68655399384407,0.344544132454749
"150",0.632269487652289,0.614726411275637
"151",-0.128724394684097,0.058130570628466
"152",0.125515461008071,-0.566702565786004
"153",0.0554246821249058,0.909036182008406
"154",-0.595888229800723,-1.39931000232203
"155",1.46902947366371,1.93251156731169
"156",2.02322206599947,1.43287535301759
"157",-1.22833913085169,0.103168948630916
"158",-2.23910276925245,1.90393528063054
"159",0.131265156906913,0.792102276747019
"160",-0.323298743053439,0.433197117770905
"161",-0.188071363734052,1.98705391519525
"162",0.490455291714866,0.663148824764249
"163",1.5173613333487,0.137986039393091
"164",0.166565645317169,3.65925042880225
"165",1.84551784879815,0.287351476025237
"166",-0.433187567078872,-0.353069662575202
"167",0.150981902863503,0.261183385561667
"168",-1.02987776631623,-0.378479171051626
"169",-0.304951703256121,-1.21520800093995
"170",-2.28223603350556,0.614121821648016
"171",-1.41036760841763,1.00843330269557
"172",-0.155302551397826,-0.425542484775404
"173",-0.288247571428351,1.94053128946288
"174",-2.97208880601771,0.124063113770577
"175",0.55600162521556,-1.5429845543221
"176",0.704644435010028,-1.7643385804894
"177",-1.57709526584618,-1.49184965592974
"178",1.14876041169325,-1.04687267209494
"179",0.220975046551903,0.614187342167861
"180",-0.236365821812434,-0.0793235217726024
"181",1.09608546810067,1.01074796871097
"182",-0.156596362964031,0.22225552597442
"183",1.48825478606902,0.103895209968039
"184",0.887082248228218,-1.06950850010306
"185",0.468599449548089,-1.34958608015697
"186",1.77893312989872,-0.29493004134843
"187",-0.96161748554981,-0.897084813157079
"188",0.626349502688378,-0.323542395852586
"189",0.095524999205646,0.383039863823262
"190",-0.446296628155769,0.450267960388123
"191",0.295955850753534,-0.409168377026465
"192",2.20395579343657,-0.473956452562681
"193",1.11596185711331,-0.308100982814783
"194",-0.077870810165464,0.331332523995987
"195",-1.24059301601427,-0.503283183551953
"196",0.344756652094334,-0.0999074296614182
"197",-0.305545608668838,-1.09810315163332
"198",0.712547719713586,-0.150402229393776
"199",0.251428768403247,0.982860483053383
"200",-1.18045369567456,-0.023291732401993
"201",0.173036211795856,-0.0526631062389622
"202",-3.49666366409479,-1.51350728699858
"203",1.77918467000071,-3.99123685956216
"204",2.06529633673644,-0.847467440634207
"205",-0.0911654339195943,-0.514103166851546
"206",0.203123805429362,0.620904438799768
"207",1.38889489950577,-1.78379191862335
"208",0.326402392553866,-1.61411421785441
"209",-0.644226438094873,-0.266664977947091
"210",-1.15974260059046,-1.08078051310007
"211",0.549499050966039,-0.246692841261311
"212",-0.140029079015711,2.27688771087137
"213",0.314381804352323,0.918854989884608
"214",-0.261118477344335,-1.28593468823436
"215",0.454886241420532,-0.995765086420551
"216",1.52834062480825,-2.45364283775944
"217",-2.02657921638403,-0.468600731394031
"218",1.94169595877199,0.288916178568613
"219",-0.278072651091103,0.12021651995161
"220",-1.22822304467833,-0.367351752523771
"221",-0.95203829534519,-0.128928518077505
"222",1.71676083316304,1.6250314944609
"223",0.319127911936308,-0.9509800828183
"224",-0.664174239990084,-0.346193668902085
"225",-0.132156354834976,0.707021695948292
"226",-0.497746087908127,-0.269461817727561
"227",0.869964696711442,0.214168270179084
"228",-0.496435777110081,-0.594628171398808
"229",1.03611291556338,0.801757612432206
"230",0.290414680639303,1.10781468414338
"231",-0.310418581896622,0.298669222738138
"232",-0.361086772628296,0.0311706510231976
"233",-0.908587251866741,0.563228074459688
"234",-0.638461441727203,0.0449382718621653
"235",0.977069842985721,-0.267357538059518
"236",-0.588845425753021,-1.23852984633031
"237",-0.169523460458484,-0.094535472457087
"238",0.348224055246222,1.58294156436111
"239",1.1535505862873,0.322707817085687
"240",0.0427253649206447,-0.817616359982055
"241",-0.438060298486662,-1.21968783018673
"242",-0.319352492953666,-1.00325031544516
"243",-1.49895085707731,0.162252257986109
"244",-0.564813747270841,-0.0846125700001495
"245",-0.156239602503754,0.246459487365147
"246",-1.6491423819196,-2.5061196188857
"247",0.708627212943875,0.105638894824563
"248",-0.581260377848434,-0.472666466366615
"249",-0.335928462532603,0.934308419422544
"250",1.58836710473951,-0.044996627814359
"251",-0.408334465281509,-0.784586214367185
"252",-0.482343817369277,0.243039190864724
"253",-0.789623590552763,-1.57789372055189
"254",-0.242611835200572,-0.177638865199675
"255",0.568645464969057,-0.129719291574249
"256",-1.22633544326131,-0.539582792392943
"257",-0.309907099027388,-0.146046493810771
"258",-1.21389330702635,0.778781511219413
"259",-3.53160391309716,0.375111055609004
"260",0.65161985600896,-1.32197265198645
"261",-1.46713639774132,0.282007865828878
"262",0.82440130909443,-0.0704478114137687
"263",-0.282112568678041,-1.91784990267905
"264",1.32703596935594,-2.42744879206977
"265",-0.0892368038809207,-1.53734179897818
"266",-0.351956489749866,-2.78458418786331
"267",2.15387367504787,1.57401619446026
"268",-0.602496566972806,-4.67254784440043
"269",1.07866563027643,0.738650543959035
"270",-1.23346508345725,0.383484243225812
"271",-0.727844137647474,1.22167792821714
"272",0.378610652844825,0.453754371888322
"273",0.65403665679287,3.48792992600551
"274",-0.0851765689008591,-0.153150200234161
"275",-1.52273829762939,-0.115117127805461
"276",1.51266239596098,1.22821226430285
"277",0.0235949963917586,-3.53350281311157
"278",0.137790537388579,-1.08021113361168
"279",0.105160872758391,-0.462626881409928
"280",-0.609636713797803,-0.473260210014625
"281",-0.412426469592787,-0.322524484602425
"282",1.5565685298423,1.78906870059726
"283",1.1156711149423,0.643160606581554
"284",0.615542929789404,0.17345062279675
"285",0.0451168040899644,-0.155056675206459
"286",-1.08737806084681,-0.370649549587302
"287",-0.609409091817089,-0.230219489571544
"288",-0.527946644055113,0.783637962364673
"289",-0.191646182861037,0.417384777382062
"290",-0.717284894449615,-1.19048319562814
"291",-1.30555270994231,-1.55647345465352
"292",-1.10096920253991,-0.147331810972286
"293",-0.469057582429231,0.359190280411636
"294",1.59215512731923,1.10967615991352
"295",-1.04848419918508,-0.619445229120636
"296",1.95898085591226,0.607729907616132
"297",0.529391566468367,-0.435568071404616
"298",0.999343887570209,-0.992101236602217
"299",-0.585042446773334,0.139046529801933
"300",-1.01177175905052,-1.61565586210898
"301",-0.433845083848687,0.353416490789218
"302",-0.710728174004897,-0.605201372261789
"303",1.21160303707759,1.26367342174503
"304",0.320020935381229,0.489526406403972
"305",-0.797178881074219,-0.48502613721976
"306",0.83902997132018,-0.0510373559985339
"307",-0.0151164204776226,0.793564444964716
"308",1.23371112041834,0.545853328127429
"309",-0.0588219896074207,0.290045599953628
"310",-0.39550977170566,0.0269117984890049
"311",-0.954043615296708,-0.855851296292909
"312",-0.426078972426539,0.537502078963105
"313",1.0037887124661,0.0077607163260285
"314",1.07414820835547,0.931960891998274
"315",-1.06329223944279,-1.42329697954188
"316",0.402747691010762,-0.981598022374437
"317",-1.04478523687182,0.190182206507072
"318",-1.52179373153057,0.256257302857791
"319",0.445906605411793,-0.369822941314978
"320",-0.230532739001919,-0.768409513937008
"321",0.644540616303919,1.6556473864834
"322",-1.61613229290142,0.0313359919678271
"323",-0.665056627639239,-0.640681157169162
"324",1.09997295090617,0.909450517627399
"325",0.469513397970911,0.322465301485899
"326",-0.302049764581619,0.32016968298962
"327",0.697290430653289,3.42111662992307
"328",-0.0237806217469122,-0.427529237602874
"329",0.0518748950778946,0.654850114539024
"330",-0.97615197410662,0.0815280791172589
"331",0.130686576703719,0.916144845171199
"332",-2.42144611333816,-1.94895853110468
"333",-0.45694761243611,-0.697596118592807
"334",0.298542020252754,0.13920490919566
"335",-4.26320467198551,-2.35023218178312
"336",-0.0416525504888401,0.919318461183319
"337",-0.379532093041117,-1.08733950915981
"338",-1.10274111775553,0.0811441731556874
"339",1.45619043072262,0.610073722518237
"340",-0.705417455781768,-0.486990873066106
"341",1.61707429067089,2.06594382782541
"342",1.9502499054177,1.71905991968035
"343",-0.852364596687266,-1.11482816802128
"344",-0.339240673880627,0.921697625747977
"345",-0.272012561814676,0.510366688470085
"346",-0.26936707413171,0.0624511128727777
"347",-0.200315385604144,-0.121914231392949
"348",0.430109640454495,0.730152577330167
"349",0.239730398564744,-0.277141824391906
"350",0.577776964008334,-0.921408150590741
"351",1.51086732943036,0.725984786281032
"352",-0.104552627064689,-0.537166362225733
"353",-0.330867581722165,-0.440810722052997
"354",0.191365655809171,-0.054048044748773
"355",-0.937995615250473,0.189401318651176
"356",0.0110709440395303,-1.99492041062814
"357",2.05032754447943,0.31752032995845
"358",0.834131609585496,0.180387158219487
"359",-0.17547205880921,-1.10508943449378
"360",1.40216235178271,0.398716768731993
"361",0.428386770606349,-0.0583416120229278
"362",-0.247946565569912,1.08609991716298
"363",-1.75730415906752,-1.03909387894689
"364",-0.0434776093669086,0.175930731612831
"365",-0.104122412220362,-0.0431635097255907
"366",-2.31308319867581,-0.661423746324053
"367",-0.0748896409310592,0.221199810495453
"368",0.475541480407768,-0.710250582642897
"369",0.700510052932567,0.573466927567233
"370",-1.68667077311085,-0.365352765252635
"371",0.182346802738368,0.623343223007029
"372",1.70929717389938,1.3349509003049
"373",-0.00829214841185663,0.345497003349163
"374",-0.340550876054478,-0.563021818665096
"375",-1.28348826055684,-0.968407732086919
"376",0.0851122648898686,-0.40556790304006
"377",-0.309030927458729,-1.09855755136467
"378",0.416662531480244,-0.139503008107481
"379",-0.267193219108447,0.624271129314755
"380",0.760565181047464,0.310199198063756
"381",-1.71391065928389,-0.756284515867591
"382",-0.255106756128805,1.01075763580606
"383",-0.297160023846299,-0.67110753551816
"384",-0.769156266831044,-0.42712661444451
"385",0.546393312219351,-0.821099182299154
"386",0.0942236973086357,0.25420513733385
"387",0.739311149613305,0.704125297293919
"388",-0.325720993668293,0.717130613295644
"389",-0.670650320772414,0.710885763273204
"390",-1.12087554873415,0.0335852046113689
"391",-0.243235254947224,-0.708964938204281
"392",-0.245190018500612,-2.66489339075442
"393",-0.189991222132736,0.144934746802072
"394",2.24604981153731,0.989702982769638
"395",1.2883368949632,-0.35329664065407
"396",-0.202382552473199,-1.13117744437354
"397",-0.0984539088883432,0.218509026403047
"398",-0.218216988116163,-1.18399081809082
"399",0.690530565242129,0.21529218688083
"400",-0.801807215437363,-1.24858542609115
"401",1.50199016556195,0.60003716378938
"402",0.162736365674569,-0.0699786249753638
"403",-0.891448287902042,0.310692356938733
"404",0.317442147634805,1.15475111020667
"405",0.345385088786669,0.377054579484373
"406",-0.98830730680411,-0.351870937041288
"407",-0.0430389080937028,0.343496744754597
"408",1.08629250914746,0.762657376497672
"409",-0.353814910623855,1.1151326772564
"410",-0.24043938314788,-0.250356366601497
"411",-1.22929234499035,1.03364142927356
"412",-1.05055499217262,-0.236668234378154
"413",-0.496262399870469,1.6517237084503
"414",2.06716288899515,0.10597923333511
"415",2.11270939028129,-0.231513628893833
"416",0.4547335768265,0.326021506354106
"417",1.50360354153621,1.27851690105291
"418",0.125897610440838,-0.447612424353097
"419",-0.434114309200103,-1.43158167361585
"420",2.51606715098313,1.35574728916146
"421",0.79463883704115,-0.449458643972573
"422",-0.340259013521994,-0.0270592526992162
"423",0.182256155789562,-0.303390345302036
"424",2.80444279534129,0.561187340762215
"425",3.91928359711322,5.50383788620208
"426",0.251981702082808,-0.34911855748718
"427",-0.890747310245279,0.612935477851855
"428",0.318728224003152,-0.472028053427266
"429",0.937568867024043,0.922239237054219
"430",1.10434956860597,0.370123826268991
"431",1.71986928296564,-0.218259380939063
"432",1.47178682977923,0.508196363514852
"433",0.968046559583976,-0.57341898669064
"434",-1.65198758878043,-2.43517282227069
"435",1.64565876097822,0.519665501053406
"436",1.4168483272427,0.641678037191236
"437",-2.04800104306631,-0.496817431033665
"438",-1.46143469649369,-0.234035433584768
"439",-0.0260490326854129,-0.0553887868058011
"440",0.856589914309527,0.984960663235199
"441",0.493506909149749,-0.551762395587317
"442",-0.145636683902873,-0.457655795269271
"443",1.03138491186407,-0.0640013902648838
"444",-0.407973877782868,0.182922188403996
"445",-0.831402736557499,-1.7723417265639
"446",-0.545428480904289,-0.405843853827307
"447",-0.107550131043513,0.138409935794758
"448",-0.455021161182754,-0.639986410674509
"449",2.10986243350978,1.58653236307986
"450",2.42620030966064,1.43818113184342
"451",0.102731464987313,0.0655587428391683
"452",0.458898915900422,0.241389551173256
"453",-0.0941505885637122,1.16169404934485
"454",-1.01584947825154,0.289390487066693
"455",0.158070663053171,-0.572570386882707
"456",-0.997206880064485,-0.226853953979842
"457",-1.00279083606638,-0.00847737489630866
"458",0.168904582203213,0.251369311967794
"459",-0.527211349112302,0.540373204371348
"460",1.25553404259091,2.88484543570794
"461",-0.351381503382276,0.672468673465332
"462",-0.534696961416261,-0.410219621920986
"463",0.572617500308397,0.591025074474472
"464",-0.89495239789387,-1.76202512304292
"465",-0.767269164301746,0.290649071414628
"466",1.1398871483952,-0.771091206340214
"467",-1.94107004615187,-0.474859539448584
"468",-0.0904708982156192,-0.724307101480897
"469",-1.8731711403457,0.564968370377305
"470",-0.220241337343067,-0.0329117645805353
"471",-4.0063844586282,-2.72853200233028
"472",0.0817103259013889,-0.222535820033314
"473",0.112984358358076,-1.6372787256502
"474",-0.0296714438203222,-0.976347386699121
"475",2.05322578680971,1.31204245823246
"476",-0.560347931352678,-0.953452761762574
"477",-0.23057327683281,-0.850821309708933
"478",0.647684825302353,1.51672761993842
"479",-0.329906274259106,0.601728207934368
"480",-1.6283476302246,-1.00722846653564
"481",0.661632394179691,1.76500314251533
"482",0.609625550545705,-0.278550613213682
"483",0.657818495257805,0.168827612614286
"484",-1.4995443565101,-0.381728532131768
"485",-0.645202155918231,-0.0329155292669733
"486",1.73043588395337,0.423027571030026
"487",0.15532477803522,0.683096140194267
"488",-0.167639773986547,0.0373471721384918
"489",-0.564503115545165,1.18192232528119
"490",-0.224004349911197,-0.130903540750544
"491",-0.427345847776254,-4.14101119946352
"492",-0.480744562060385,-0.238400962131044
"493",0.0235205682165374,0.312966209303133
"494",-1.02608825216138,-0.0814481759740004
"495",0.436091339341343,0.39877752204798
"496",2.30055054730788,0.446671518713578
"497",-0.503927345809045,-0.770515093595656
"498",0.289038526758137,-0.0917662616367613
"499",-1.24354403848385,-0.0694726490853635
"500",-0.245469107670651,0.230413722835513
"501",0.287422142961959,0.572564783267395
"502",0.853871612437111,0.59539889900174
"503",1.3104778869761,0.894616926319529
"504",1.85571202473017,-1.04590187628156
"505",-0.139930514215024,0.22039915052877
"506",-0.959722485210181,-0.889265368582216
"507",-0.281363914996112,-0.38735626637874
"508",0.589140660809339,0.234581257099479
"509",-0.768583287257634,-0.37524792454225
"510",2.03120334016928,0.60728945941851
"511",-0.418096261851825,0.315520454131188
"512",-1.19079272667163,-0.0142090911497889
"513",-0.202146516748085,-0.0291694133351254
"514",0.312317160664486,-0.810139679963657
"515",-2.20134029481765,-1.69063340779928
"516",0.0455678281079737,-0.176273076531103
"517",-0.16697879164481,-0.539549939600776
"518",-0.155975575416986,0.280441759108591
"519",0.0286170603934166,0.340108603577268
"520",1.55894373032176,-0.943995015990412
"521",-0.0546621111227127,-0.58430891459605
"522",0.148891029722645,-1.06088828216947
"523",-1.38213288322683,-1.10995646779062
"524",0.382807039186698,0.721512784780184
"525",-1.3746538837284,-0.0904128086020308
"526",0.905237643966433,0.815012514422251
"527",0.811671238165953,-0.0354222012918878
"528",0.511703157836364,0.395000661748974
"529",-0.109577557217138,-0.0298749392386809
"530",-0.254651529271652,-0.0475983268539316
"531",0.479847257317556,0.96417486520585
"532",-0.0429906817350998,-0.447071969018965
"533",-0.11950779859646,-1.49748043563021
"534",-1.01458972414423,-2.04685771854595
"535",-0.985570861533062,-2.97669299286736
"536",-1.45300703203526,-2.43196752328708
"537",-0.760218010024266,-0.739213395128107
"538",0.614802057898386,0.540437323047611
"539",-0.794196676434542,0.628495647674165
"540",1.45260447260963,0.659231371410085
"541",-0.76794340394131,-0.0625948288862183
"542",0.179923130774775,-0.477493491395073
"543",0.761340455954001,0.300344697886887
"544",0.501677226875202,-0.480566333635635
"545",3.29691819824933,0.32934327907888
"546",-0.0797243329369323,-0.933423274482574
"547",-0.046547400079971,-0.575138001381908
"548",0.529273160605467,-0.593516361649613
"549",-0.131504562498502,-0.145585636455835
"550",-1.24905067239853,-1.1303066908634
"551",1.4479673440515,2.30809259609467
"552",-0.0347096590988347,-1.08267854703231
"553",0.714929974949652,-0.483268383985334
"554",-0.997876563249427,-0.104266777455272
"555",2.11461246216648,0.323815855705204
"556",0.572454783414851,0.363370828914715
"557",0.691548560457916,2.05507498864752
"558",1.454923738152,0.719190576302652
"559",0.677446040545305,0.370229409844873
"560",2.12520871869868,0.0543273869193173
"561",-0.187031360757955,-0.297370851080554
"562",-0.847806107883579,1.39143492212361
"563",0.511072039772295,0.0850125625633156
"564",0.29587858635425,0.0401166745225731
"565",-1.59056084566167,-1.33093226708663
"566",-0.442444017461349,-0.762835936736546
"567",0.631207731949033,0.260707994275853
"568",-0.139331311149447,-0.0429625936504988
"569",-0.652788119200407,-0.440917216011302
"570",0.540080003736793,-0.0844299956991671
"571",-0.768760410378928,-0.502215452509709
"572",-2.43165560955322,0.782630993608939
"573",0.452822250873881,-0.438698987745331
"574",-0.761340515263746,-0.94910136337884
"575",-0.188532793275731,0.753356963643184
"576",0.486071607839229,0.797796324095592
"577",0.856029434988166,-0.775333660138967
"578",0.308195838838493,1.51456939935959
"579",0.907336601016085,1.04610146737613
"580",-1.48698234340882,0.368195333818212
"581",-0.295086681640319,0.355295358323315
"582",0.103559411487565,-0.259928853805169
"583",-1.27824431690962,-0.652565392620775
"584",-0.06490027033134,0.98288615625994
"585",1.07531264640425,0.0436518039989857
"586",-0.54165252126624,0.673854320279603
"587",-0.0730797700662522,1.31789475444745
"588",0.39345669957705,-0.461041267440438
"589",3.57800736191428,-0.577793863344213
"590",-1.32081580914967,-0.642941283299493
"591",-0.844741683206176,-0.0610557711857824
"592",-0.629427822189465,0.295888653148457
"593",0.44115860809362,-0.020798786704665
"594",0.421369455006485,-0.0348248076074818
"595",0.410418376316977,0.751175320600052
"596",-0.925297269523859,0.75990488241234
"597",0.495862331168285,-0.316064509389692
"598",-0.111223957913031,-1.89090286528781
"599",-1.27118384075108,-1.6073827815647
"600",0.0299628751152563,0.537015327649875
"601",-0.06893163249501,-0.429510990287313
"602",0.570181650654289,-1.23322861503108
"603",-0.671643418525101,-0.550707260546444
"604",0.494183132747361,0.227536055125495
"605",1.12339570627143,0.290042164592031
"606",-0.717622401494475,-0.489225179280879
"607",-0.175143026084164,0.302159215317589
"608",-0.996000888841537,-0.930253116825654
"609",-1.35164665584739,1.59464346960293
"610",0.0249736059594632,0.728117422609521
"611",-0.169925338990674,-0.3209310612712
"612",-0.242777450250046,-0.392355850000572
"613",0.142376642885729,-0.81117559954351
"614",0.30471839352095,-0.488383155334802
"615",0.230924602517262,-0.509744344242155
"616",-0.0233662408986426,-0.540208711224704
"617",1.45568100341374,0.738360855451567
"618",0.200750814477573,-0.0454549436515396
"619",0.629305490735817,-0.0694362757419694
"620",0.612058812980098,-0.535404435469043
"621",-0.149438845023392,-0.105336484757452
"622",0.00596644158084071,-0.0915447223561658
"623",2.10242982619931,2.02492893026411
"624",1.49849721058579,0.0480857559368167
"625",0.753259577865561,1.27830336502029
"626",-0.18959971183173,-0.306425868733233
"627",0.0736254209259561,0.777429943409771
"628",-1.66514379399552,0.417319778728461
"629",-1.98451669231793,-1.0650300446242
"630",0.726123613338396,-0.0588105773352565
"631",0.600497952691852,-0.431978539561235
"632",0.484522724849444,0.764476323500736
"633",-1.16000280913763,0.395513767073202
"634",0.842498962905733,0.786309043992072
"635",0.211014263385452,-0.696802897426706
"636",1.38332336068525,1.091736765953
"637",0.56208122379644,-0.293065316391483
"638",0.312816585002621,-0.735438455325282
"639",1.14433151453815,1.04407826163299
"640",-1.39094090946868,-0.976838819863319
"641",1.55006523511487,-0.0762980904500983
"642",-0.0691944809657958,-0.0509124567795275
"643",0.981545377911175,0.336156623812785
"644",-0.445087437240124,-0.418296130613378
"645",0.611540661698376,-0.892106614873797
"646",-0.0536661058341304,-0.957461757846538
"647",0.663107661586079,-0.147584408380232
"648",0.88228808043492,0.33108516087863
"649",-1.55614300918769,-0.984891410603691
"650",0.754380595235848,-0.149567846437909
"651",-2.38308687488292,-1.57525059190561
"652",-4.8952208746317,-8.98166823822278
"653",0.43907878779209,1.78533389332728
"654",0.754795251805163,-0.111618178375804
"655",1.71303483831319,0.133773785020443
"656",1.22378693802833,-0.11923050649519
"657",0.241887012414574,-0.441176310484374
"658",-0.252398066765924,0.867529835503536
"659",1.65532922051743,0.271773025339812
"660",-0.317795958007638,-0.362982009053269
"661",0.279397424759276,0.938274310993258
"662",1.52441519245767,1.24961575864111
"663",0.516533428086682,-0.488833057624439
"664",-0.696412990240663,0.554583056791108
"665",1.39991783957175,0.877200477741522
"666",1.23696796310663,-0.202792215074616
"667",0.797024260482829,-0.843235122526389
"668",0.0138188388444051,-0.642861605628322
"669",-2.04534862977925,0.845817901461879
"670",1.00858398794787,0.58531051108616
"671",-2.94484429586987,-1.96561232822107
"672",1.37913333139457,1.24918433230605
"673",0.894621518339734,0.508114332229556
"674",0.0348448081782248,0.262175840715218
"675",0.0122622279541946,0.769499259622981
"676",-0.787701600519592,-0.66773955565254
"677",-2.37399435756988,-1.55522726360872
"678",1.43020573933841,0.390691940595133
"679",-0.898957502543447,-0.0335746338435471
"680",-0.583872275572312,-0.326828196140674
"681",-0.113802272809199,-0.663214097943326
"682",-2.19999102551089,-0.723381887259687
"683",0.418759372720842,0.51541486877789
"684",-0.594315897250207,-1.96997991795844
"685",0.444961989233049,-1.44922871267791
"686",0.249869302093867,1.03843598531551
"687",-1.77827309134211,-1.78466219266479
"688",0.861869241120295,0.93056189633706
"689",0.806401377644114,0.732480573503455
"690",-0.256993273496802,-0.0163631962602204
"691",-0.534901080105827,0.231138108440397
"692",-1.18943364934187,-0.0210879687818601
"693",-0.119202598254886,-1.25277401139984
"694",-0.111306641267158,-0.119922807993824
"695",1.44672288367118,0.575270978013085
"696",-0.679216842705459,-0.351375509639203
"697",1.55243516852154,0.608029958167521
"698",0.0157411406768032,-0.67437132059898
"699",0.616914628619196,-0.0804375179676103
"700",-1.40657960944035,0.304441983686363
"701",-0.732516021052046,0.711906970068836
"702",1.05248393586683,0.363527487674801
"703",-0.091403254759557,0.3669500437568
"704",0.964926706248754,0.378327540501454
"705",0.193425311812968,1.11266495872606
"706",0.855229054216872,-0.906957550236251
"707",-0.123486791900274,0.297452969639974
"708",0.0904210080016642,-1.02378876031974
"709",-0.486796833742356,-2.56104590072421
"710",-1.13849110828064,-1.220611954514
"711",0.0475652601741425,0.138146471454351
"712",-0.268802162060276,-0.489521477550398
"713",0.172664022381442,0.955455750641789
"714",2.13796072849872,0.631292883654364
"715",0.887961302056489,-1.01654963335691
"716",-0.629765821759674,-0.45263014059843
"717",0.865247626081786,0.601443659762952
"718",-0.337212026416444,-0.0372656200028051
"719",0.0117779858481998,-0.797909960133207
"720",0.112893743097446,0.648620448414514
"721",-0.479723223524176,-0.394853225822166
"722",0.284171253039831,-0.0766115597834494
"723",-0.834907674913096,-0.0672673409637366
"724",1.10675967482545,0.366570674881229
"725",-0.782346093398989,0.400996306950635
"726",-1.15250873695035,-0.890438325762124
"727",-1.56375909897675,-1.43660143674012
"728",-0.443134770299565,0.72182890144034
"729",1.13440417000574,-0.467342102985455
"730",-0.906262679112985,0.77156973818643
"731",0.0074552915614564,0.798910818384886
"732",0.222158607596167,-0.758660028918811
"733",2.43373588818181,0.721734037770566
"734",0.0516445210776076,0.38334102264477
"735",-0.294042634817893,0.763843000820493
"736",-0.284099530096247,0.0413693418064983
"737",0.238154255884714,0.0117561850603948
"738",-0.162722398883002,0.407710588845135
"739",0.626918190197249,0.0230113650474401
"740",0.321430431580252,-0.428764324104102
"741",0.385145355201113,-0.939534538254386
"742",-0.200717598563927,-0.094920804564027
"743",-0.253684614775611,-2.01602661625051
"744",1.34341082640537,1.1988180400666
"745",0.755953543162191,-0.43724678021852
"746",0.554653313603035,-0.0914906214871063
"747",0.92251566913596,0.371595324369926
"748",1.0942523155593,-0.4980058877679
"749",1.44703342165055,-1.03554705243338
"750",-0.0623288412485752,0.806931515334589
"751",-1.2385452196363,0.406202107680114
"752",2.23534265583847,0.413176598092759
"753",0.389144889311435,0.865560168819818
"754",0.945684425448635,3.25170606777306
"755",1.32334342885159,1.42185617374229
"756",3.40909506097202,5.24616632352788
"757",0.477365574045967,-0.285918607514884
"758",2.23623411271571,0.0934582910642603
"759",1.39566810209352,-0.508864388850694
"760",-1.20046892907914,-1.28567115142164
"761",1.03226530799738,0.225380506104238
"762",-0.427955286843008,-0.285046258814545
"763",-1.35265223072179,-3.96094364698544
"764",-2.90803990823847,-0.717219436432216
"765",-0.383552441906418,-0.0227846511016147
"766",1.23873336104399,0.729065094024727
"767",0.0907654112463864,-0.577496563038239
"768",0.633910730763203,-0.12230658465778
"769",-0.391602443895562,-0.498547052699984
"770",-2.47296383690011,-1.40181210577784
"771",0.139593066577794,-0.627001452318075
"772",0.268702142686127,-0.174174082158486
"773",1.38609860487203,0.83415419953854
"774",-0.61533276905054,-0.760163930078108
"775",0.624999464074786,-0.375581929331657
"776",1.11776503988585,0.138937501209244
"777",-0.149066576815993,1.01007194673132
"778",0.246774550460494,-0.766414660140466
"779",0.578199006583105,0.172690199317479
"780",-1.73933447874971,-0.604878775911138
"781",-0.0383990838032503,0.197045251561726
"782",-1.39236304551439,-0.0533799861537765
"783",-0.655545427205877,-0.38918226004384
"784",-0.0808823535238984,-0.431407695259569
"785",1.01934104970776,0.625971292264731
"786",1.12309835637473,1.71557980685671
"787",0.0679774403657165,-1.08434298138261
"788",-1.37602268308665,-0.658336707526181
"789",-0.162261850536763,-0.390142062739139
"790",0.313379018584633,-0.0854463927284134
"791",0.569921549828441,-0.423693964169361
"792",0.695870434338815,-0.0980887102346816
"793",-1.34890252851015,-1.26390848178532
"794",0.560603759859356,-0.557645211705769
"795",1.08961250797752,0.670093642662079
"796",-0.223747479060888,-0.851900232889276
"797",0.387495583807648,-1.3564782159356
"798",0.634322145639353,-1.41424103093581
"799",-0.918265846035867,-0.22218529019045
"800",-0.46183657546288,-1.03710598610833
"801",-1.01195156762908,-0.654609352622701
"802",0.44897407027152,0.694997549292908
"803",-1.74647830333346,-0.102511257770248
"804",-1.52091492895275,-0.578130582162148
"805",0.625602723469858,-0.147325609169804
"806",0.636185394691954,0.371147846500941
"807",0.206005333979867,-0.0811912420254611
"808",-0.810698780083703,-0.0939177984540665
"809",0.0487730264027924,-0.0935549215715364
"810",1.8198637695381,1.66330263147901
"811",-0.443375497161935,-0.927383706649099
"812",-0.58647612439324,-1.06109066329903
"813",-0.0747480834034892,0.362003596747594
"814",-1.3081381406418,-0.552638368508485
"815",0.0383098738437244,-0.618523657697074
"816",-0.336944157948406,2.48365707619995
"817",0.617329604149641,-1.44963067426875
"818",-0.256600104479047,-0.106961438103663
"819",1.75702339667278,0.333778894700224
"820",2.43801788782706,0.77582651376653
"821",0.108662923751895,-0.75741688962575
"822",-0.74275615265606,-0.469111321130172
"823",-0.383429422971549,0.333732766533597
"824",-0.147061526177715,0.801261609561914
"825",-0.253655930062005,0.404451875879234
"826",0.660107878913257,-1.17812508220811
"827",-0.795252347124769,1.10488445220103
"828",-0.0881169109299655,-0.33302765736159
"829",-1.26431031573846,0.341440718009611
"830",-0.546229646703187,-0.00258181267045813
"831",-0.153482270966401,-0.429841757569504
"832",-0.340377378438722,-0.9172895963783
"833",-0.207668480470646,-0.988805716394889
"834",-1.68276546102181,-0.589166993221303
"835",-0.543721219071015,0.323682215981272
"836",1.5096163101125,0.38566220623562
"837",-0.367043039688964,-0.0558144734039489
"838",1.21002941666555,-0.0705302295125568
"839",-0.424701072252553,0.454259187620572
"840",1.99017094056749,0.486655846492099
"841",-0.495274860202962,-0.0117508471185703
"842",-1.75655832926666,1.04643246722028
"843",-0.0966184301326002,-0.45101359200375
"844",-0.180320163629988,-0.543543233794266
"845",0.581098447099007,0.455143990506741
"846",-0.353370283182774,-0.0159214967331091
"847",-0.326479347844336,0.509712054039132
"848",0.73987580188668,-0.00173114773001949
"849",-0.156840993551081,-0.591157336578879
"850",0.17430666981484,1.08769610973304
"851",-0.320984489619514,0.537840295428826
"852",-0.975267631294222,-0.988723741545815
"853",-0.0497005609726852,0.434356061305021
"854",0.261424429738011,3.9798205763525
"855",0.759511360765922,-0.709324594638544
"856",1.8303314534072,1.7697197536128
"857",-0.43884056946908,-0.606405911513818
"858",0.360426285347116,-0.500451552678622
"859",-0.492789811756618,-0.829237058055779
"860",-0.181833915995675,-0.914072201673728
"861",0.000774089279507823,-0.395962356443611
"862",-1.27086045909025,-0.407310470606826
"863",-0.380157030477282,-0.434984408618916
"864",-1.1495410361585,-0.462868509468492
"865",0.455692265933538,-0.490356664222212
"866",0.102770854159308,-0.900691072843214
"867",-0.852915929506258,-0.168924847059763
"868",1.11969389672929,0.277138462948382
"869",-0.486981969496998,-0.521509065768945
"870",0.388270194297483,0.308771733914113
"871",-2.44055486292023,-1.43265625011181
"872",0.0557987974849873,-0.178765756214607
"873",-1.7043432865005,0.338153810138609
"874",0.162438719887971,0.388119912774891
"875",-0.32211261602488,-0.537023244406111
"876",1.32737373872756,-0.107411163949367
"877",0.972227597118973,-0.092740936936466
"878",1.51292918267766,0.459649218449452
"879",0.817046589226714,-0.591115394813654
"880",0.137534310089807,-0.102839042351939
"881",-0.87579244700833,0.501094302825144
"882",-1.12260152658094,0.533462900998723
"883",0.765494221947477,-0.017109650381794
"884",-0.58656003762571,-1.22684078386308
"885",2.03442470808532,0.462697437665348
"886",-0.468109207471633,1.10827820396155
"887",-0.0776985490167885,0.529833443684464
"888",-0.536851718369391,1.01525813023154
"889",1.35055853012178,-1.30420962713461
"890",0.126539207681475,0.828531766930642
"891",-0.0304466187384427,-0.82708996281077
"892",1.19234175955519,-0.505423911672076
"893",-0.861955560319625,-0.989975247986156
"894",-0.310038424429859,-0.129838037664787
"895",-1.53709897815355,-0.100895509972969
"896",-0.119477827929903,-0.0980110165623766
"897",-1.45554236833955,-0.0965199439313573
"898",-0.68018401918192,-0.0955873630001712
"899",1.00394673994019,0.510112745200366
"900",0.638465558694759,-0.0466687665165086
"901",-1.38358421361332,-0.690255224223243
"902",-0.671149928775783,0.521546638188042
"903",-0.655424297130603,2.40760855079885
"904",0.479305878490363,-1.25740224476753
"905",1.40881593123096,-0.524276267117266
"906",0.780891750731658,0.851196425876306
"907",0.558985476135602,0.435744036376344
"908",0.0890601823834034,0.863158563736525
"909",-1.31811062551236,0.839882233123387
"910",-0.518642970369947,-0.68267449472355
"911",-0.315001705470099,-0.41180187661911
"912",-0.552097587236248,1.17607105692034
"913",-0.664930115091254,-0.309632470700688
"914",1.04998953354367,-0.0152750280478836
"915",-0.674252243669903,-0.828444004953282
"916",0.823864309615282,2.00210596183341
"917",-1.18929100485769,0.0742218066409444
"918",0.164948913009773,1.04750489449446
"919",-1.26427660646095,-0.236509351956384
"920",-1.05234550404934,-0.651349493004327
"921",-0.421249678173982,-0.0346071272635599
"922",0.844340168106274,-0.0201417504570785
"923",-0.650007725441101,0.76874645601716
"924",-0.789611746072083,0.775547845253973
"925",0.444382642160657,0.0486685655442293
"926",0.176898047559054,-0.738239601328751
"927",0.0995675908506143,-0.437752570150021
"928",-0.887682808834825,-1.29283693332383
"929",0.996090690148606,1.10010268777542
"930",0.182709861978616,0.365607425983645
"931",-0.29697988840403,0.363653579400563
"932",0.973999771302398,-0.372771834070035
"933",0.716301896898561,-1.23369557874767
"934",-0.43836565501725,1.07765541601817
"935",-0.147157897500991,0.364506980982195
"936",0.0465046812351087,1.79914173555498
"937",0.454611826734685,-0.491698938043095
"938",0.401588459588186,-0.620215448473557
"939",0.629998131184809,-0.363677204327792
"940",-0.825635602687409,0.289159103485286
"941",-0.235386907864319,-0.365734692624163
"942",-0.579149704309604,0.311722458850968
"943",-0.795682606123913,0.727190488854404
"944",0.521576115833587,-0.336556485685054
"945",0.963965910848323,-0.0332082674233177
"946",-0.0739843741009354,-0.83482642338908
"947",0.882432582481167,0.735189548578869
"948",1.66013370960234,-0.00501179906643163
"949",-0.483958420064129,-0.450473370674479
"950",-0.264824065748336,-0.0665017856936427
"951",0.192126678124693,-0.989327668983423
"952",-0.313552166487109,-1.07036876359506
"953",-1.18311397894441,-1.11596949214202
"954",0.108684578902347,-0.186336696008317
"955",0.383335070696711,-0.149742369985445
"956",0.279443086922595,1.454658303224
"957",-0.964565508451743,-1.36493781584893
"958",-0.729255035739493,0.303002987274579
"959",-0.770424609327167,0.837842048578782
"960",0.431130915282871,-0.859888472373069
"961",0.62949470399355,0.33459025229498
"962",0.146796468401827,0.396458027927962
"963",-0.504253497478297,-0.0212654686321998
"964",2.61356795052234,0.427243790390448
"965",0.0909222420682675,-0.472063926409071
"966",0.23851023509202,-0.0608827178057014
"967",-0.202596135621469,-0.563495890608124
"968",0.125255989481696,0.436134606846475
"969",-1.18498826930004,-0.0360748088842838
"970",1.9793444380852,0.496766839746997
"971",2.55429483360372,1.59472393794169
"972",-0.368750046259892,0.0641084336699431
"973",0.166254804804133,-0.452357581539951
"974",-0.217212254346225,1.42231832873958
"975",0.564886230198488,-0.343947220963517
"976",0.0135764483688384,0.423296140081672
"977",-1.65559353171394,0.882990671506391
"978",-0.203068807004515,-0.33893890355862
"979",-0.0621664607602575,-8.19547238357465
"980",1.15433567816794,-1.02112348297233
"981",0.225465236234397,-0.577997689761323
"982",0.149808144734006,-0.238709932124026
"983",2.17038202600036,-1.27639003129705
"984",0.0558886334424638,-0.979371341450228
"985",-0.618326090179533,-0.624681595278777
"986",-1.16973467626381,0.526468481706473
"987",0.96614860846686,-0.519943203712519
"988",-0.306032641068259,-0.969917442447474
"989",0.61940336799351,0.196577537500005
"990",-0.456399626708609,-0.138886966329669
"991",0.243484589668681,-0.141427189417816
"992",-1.28071605923154,-0.13440301937355
"993",0.431071151756681,0.865864828258558
"994",-0.00585965860661594,-0.504698121375738
"995",-0.600629592908413,-0.10182049799883
"996",0.934211400141499,-0.0881290867004007
"997",-1.79565790047813,-0.0871433821260312
"998",-1.0060374368578,-0.0869860805097216
"999",0.160933742041824,-0.0872441177336596
"1000",0.391348537352289,0.542923412077468
"1001",0.0968658362473634,-0.651561546653936
"1002",0.0141555944878702,-0.730711148146094
"1003",-0.284060918303507,-0.129110594403719
"1004",2.79118693025178,-0.781002692300185
"1005",0.512639353776539,-0.834093491063593
"1006",-0.304726964266016,-1.55666003000353
"1007",0.103926472793931,0.442033425913908
"1008",-0.405633426917906,0.536603913697493
"1009",0.183486208193898,-0.723212164816189
"1010",-0.542276366331462,-0.142069883189035
"1011",1.35836710466049,-0.121099202251558
"1012",0.490115803006264,0.598331289085417
"1013",-1.45493717308136,-0.745889526382034
"1014",-2.36757619354858,0.570286788797328
"1015",-0.937801328084964,-0.723627742319231
"1016",-1.42603470817574,-0.118726205296807
"1017",0.936118976269367,-1.53785386187832
"1018",0.279196486445503,-2.30321425442934
"1019",1.32226497441895,1.04698892187404
"1020",0.444437499388296,-1.27088635821344
"1021",0.0840884629085519,-0.780915690797683
"1022",-1.18729716798674,0.409815766020267
"1023",0.180530988798502,-0.111271580556694
"1024",1.31158617120015,1.74544238384004
"1025",0.234180001210317,0.0142941146538426
"1026",-0.706269644367319,1.02625362736124
"1027",-0.253284343479345,-0.927387227863464
"1028",-1.06992360461191,0.41736876314579
"1029",0.0908600253296011,-0.011124014825777
"1030",-1.47770598960679,-1.0697990830209
"1031",1.40916968164729,1.45743493667718
"1032",-0.215947964185019,-0.854063010274127
"1033",-0.603905547062676,-0.0762443947668231
"1034",1.0666835132864,0.426310209261044
"1035",0.343276818160432,-0.498973492399429
"1036",-0.249252707185106,-0.0716735507277528
"1037",-1.31552683954317,-0.590491880581609
"1038",0.199245601980678,0.446245730201475
"1039",-0.29853878326543,-1.12463768098829
"1040",-0.0856035503992979,1.49216878644457
"1041",0.72742518104746,1.3729726821194
"1042",0.117827886833141,-0.328098945796956
"1043",0.520751093260542,0.398815105084597
"1044",1.30882920260674,0.0216145040489125
"1045",0.736251931573506,1.31393962979297
"1046",0.634953753359881,0.454599832258748
"1047",-0.677144207621479,-0.321197762948445
"1048",-0.0490776663568796,0.405435099665129
"1049",-0.0623239414397591,0.0359657675525234
"1050",-0.433785722897735,-1.70324254795592
"1051",-0.504163231826429,-0.113026187689756
"1052",-1.10091084438698,-0.516763099024124
"1053",0.151353302528088,0.83557454061693
"1054",-0.234207859441236,-0.887031296897341
"1055",1.04912670999282,0.790346472251732
"1056",0.170235486482991,-0.851840566963373
"1057",-0.953353422889032,-0.09535621695515
"1058",0.14756436974785,0.386827782400275
"1059",-2.04473996323927,-0.0354564361917884
"1060",1.17936013384328,-0.542285578441972
"1061",1.33341480124169,0.924974295306082
"1062",-0.203696832074939,0.46517771484763
"1063",-1.50902709257263,0.00345894826427596
"1064",0.391474456676208,-0.509198074831464
"1065",0.0200518681829928,-0.571264662937063
"1066",0.402015122657654,-0.615028928110012
"1067",-0.436711812857032,0.436045551049055
"1068",0.542505189784074,-0.0483427501072271
"1069",0.256409020090469,-0.0655054439061329
"1070",-0.0462425462026869,1.13352136195406
"1071",-0.242669202518512,-1.05247091662346
"1072",0.320786812409767,0.440407609931479
"1073",-0.514622192750684,-0.560717866468599
"1074",-1.11299971729701,-0.084168996515565
"1075",-0.729046007627881,-0.653376432828306
"1076",1.41315144999665,-0.112856544314289
"1077",0.174784710402712,1.15600613828764
"1078",-0.698399532908637,-1.66440515690402
"1079",0.482488304627637,-0.149618188992199
"1080",0.0988438344323966,-0.103011686096896
"1081",0.620380319204925,-0.100084491943912
"1082",-0.177968415992059,-0.732929785101272
"1083",0.762745954011583,0.503601655656293
"1084",0.113929972046646,-0.0670797483283015
"1085",1.36755062755318,1.8911573499444
"1086",0.73756516530754,-0.473197457777185
"1087",0.198888001185671,-0.0458194556820843
"1088",-0.648547228913433,-0.0381231760212851
"1089",0.5310355775293,0.55749992166987
"1090",-1.42689302419607,-0.587356655512145
"1091",0.58271845292898,-0.0695930131823083
"1092",0.414802708547957,-0.0578519490509304
"1093",0.312341063362427,0.603333038084718
"1094",-0.36748290970884,0.621683936045961
"1095",-0.623393449532546,0.00619466926715972
"1096",0.879232997246369,-0.66644219446618
"1097",-0.60037418861941,-0.735974792597099
"1098",1.36967132879043,-0.779893502375407
"1099",0.602406056996231,0.546434951469984
"1100",-1.17050677301797,-0.717707192814872
"1101",0.0484204021418953,0.547094419709032
"1102",-0.562779546509622,-0.0506862623298268
"1103",0.518501812417685,0.610061537971364
"1104",1.65112925457803,-0.677109041853354
"1105",0.913799349748396,0.572786468568515
"1106",-0.790605961753994,-0.0265447617438
"1107",0.909857516293729,-0.728324457512629
"1108",0.732393581884762,-0.793629334962202
"1109",-0.0237992496755437,-0.132348484857998
"1110",0.139856227671674,-0.111018018035136
"1111",-0.83862816123436,0.653649477089741
"1112",-0.764864831288763,-0.773676325248487
"1113",1.14269554524292,0.610329920587523
"1114",-0.261721300961479,-0.0446971727918305
"1115",0.0129025729094659,-0.0684261354853357
"1116",-0.622029393016381,-0.84579655497129
"1117",-0.386869740178849,0.645969406260772
"1118",1.18811421231294,0.688157749255788
"1119",-0.78989599824166,-1.40768373036712
"1120",0.497308080959762,-0.136497310315769
"1121",0.510185397181171,-0.0991898189786825
"1122",0.677415341014616,1.39424312837599
"1123",-0.358473016552154,1.26576437988312
"1124",-0.964628614996967,0.0484650607665963
"1125",-0.989774755939761,2.8495166961448
"1126",0.552064865918977,-0.252399522214999
"1127",-1.02589121790362,0.442661748615009
"1128",0.598847731918418,-0.756436500577406
"1129",-0.125225843279777,0.814530429995374
"1130",-0.388015559301301,-1.93786635444513
"1131",3.33456509661505,-0.120125791173191
"1132",-0.0191569262444043,1.16426710655685
"1133",0.282268776671272,-0.343518285911248
"1134",0.317986087341539,0.344444006123551
"1135",-0.617934563889679,-0.00573202736879902
"1136",0.395035334443999,-0.0217403336619502
"1137",-3.01572851328671,-1.37535696279465
"1138",0.034502583738854,-0.124753714898226
"1139",-2.65587789300131,-0.0860803553833058
"1140",-0.0397063937809998,-0.0842186226289215
"1141",0.026248275206723,2.03590149030425
"1142",0.739801569087077,1.67690899634351
"1143",2.1142140334593,-0.23850473106668
"1144",-0.389751053349129,1.07875092975793
"1145",-0.499598522325261,0.084094234924276
"1146",-1.58701399169903,-0.635594260530759
"1147",0.345482831108003,-0.729578511193814
"1148",-0.0213928679197635,0.68112981055534
"1149",-0.419177938950882,0.370128381235676
"1150",0.617184756893655,0.731272525608095
"1151",1.16223304356283,-0.637781814868607
"1152",-1.0799719204341,-0.389537587567571
"1153",0.560458949412617,-0.421552193182532
"1154",-2.43163487667298,-2.06129697294917
"1155",0.207388254875024,-0.184373826250803
"1156",0.586451757092958,-0.534962745337101
"1157",0.395965467384887,0.709808772928751
"1158",-0.189572638902556,0.351042947089322
"1159",-0.512753417706574,0.776134962150764
"1160",-1.09997997220436,0.00293618604530363
"1161",-1.49788275652455,-0.857856386814697
"1162",-0.822409055039788,-1.37684889897607
"1163",-0.684576451465276,-1.01232511160405
"1164",0.211347938185493,-0.167532800453289
"1165",0.801690854679968,0.788252942708696
"1166",-1.45831538561343,-0.486968869784275
"1167",-2.06385796539251,-2.85383110259318
"1168",1.72244463518452,1.42959618622376
"1169",1.05421865564349,-0.399608438129174
"1170",0.0912014470497623,1.40611329618854
"1171",-0.369352259631203,-0.304952831958058
"1172",0.342648591886359,1.99958355214351
"1173",-0.0624842067117778,-0.181998378978063
"1174",-0.952763075625044,0.0114137995986025
"1175",-0.458460628393891,0.628408766402241
"1176",-0.113417398207459,0.347543625638812
"1177",-0.462621238121702,0.654531692476749
"1178",1.46831306349974,0.952455117336628
"1179",0.262625880212363,1.4529545265823
"1180",0.122277185300682,0.593969176548002
"1181",0.114640493906853,0.337514469203087
"1182",-1.88297893820174,-0.380487518182255
"1183",-0.181014686385413,0.291029274582251
"1184",-2.43760169660866,-0.202790817641312
"1185",1.14635345374182,0.582902040227003
"1186",-1.1827440900434,-0.216927956212647
"1187",0.395779642323539,-0.282276786272463
"1188",-0.766233410893583,-0.00856279442063104
"1189",-0.120434029285323,-1.71303437624243
"1190",-0.219856870507053,0.880505316640028
"1191",-0.638173815674974,0.310181825850195
"1192",-1.37446504767966,-0.00751256396123071
"1193",-0.803658211290054,1.01055636412694
"1194",-2.91730379379368,-0.903837930004822
"1195",-1.50381645118615,0.266534055802516
"1196",1.39618702037061,-1.70030404248917
"1197",-0.739962170177975,0.860695161650295
"1198",1.95452101736838,-0.953573643755762
"1199",0.163552899017041,-0.10609181720711
"1200",-0.292759328659004,-1.46855486903716
"1201",0.0519942571889212,-0.168372216287777
"1202",0.655441135328148,0.246856291348802
"1203",0.187432851929747,-0.0854489920522404
"1204",0.177025889525945,-0.0932913987731329
"1205",0.0122655716036574,0.340193971686937
"1206",-0.0784732985331229,-0.930009943925485
"1207",0.0837096790539081,0.317721198537505
"1208",0.121364530521517,-0.516311185898785
"1209",-0.412216750840853,-0.578042670656961
"1210",1.05889771149681,0.360628483439146
"1211",0.369289163496316,0.418977047194612
"1212",-3.01444358156232,-0.042449613004782
"1213",0.743905308764959,-0.0592335491573332
"1214",0.380679857925561,0.481042507621445
"1215",-0.0306122833642873,0.509868036871024
"1216",0.804727663841946,-1.05046502117077
"1217",1.24885327916023,-0.627021456722662
"1218",-0.101498207912084,-0.108309579302072
"1219",0.500636336260407,-0.0918116039642963
"1220",1.40655402160409,-0.694858229726333
"1221",-0.116409151901728,0.482541691375846
"1222",0.258403866211442,-0.0629675324125876
"1223",-1.1164180675791,1.18249936175208
"1224",0.78583418469169,1.11226077458191
"1225",0.133987856976975,-0.940729990741162
"1226",0.315237492041044,0.930787462425826
"1227",1.93095666687586,0.0268695983886979
"1228",-0.773664585696651,-0.00649460327584887
"1229",0.047449270042089,-0.0154418345829725
"1230",0.215481632512707,-0.570295526696794
"1231",0.338753526079588,1.61251293859541
"1232",-1.52173409015296,-0.871586349291317
"1233",1.5555938476768,0.8774834603066
"1234",0.578538177150137,0.0248143096486289
"1235",0.0304850947566583,-0.00695637940119619
"1236",0.580887047552967,-0.0154858931516579
"1237",-0.469536105874381,0.498604681498038
"1238",-0.188533259229243,0.00820401725037365
"1239",-0.332321197918812,-0.0148650137204133
"1240",0.49975593541353,1.68953806420129
"1241",-1.09122636774306,0.536547215560735
"1242",-0.835234691473132,-0.399891975874037
"1243",0.0644588285142542,-0.00710762881309537
"1244",0.0255959945823402,0.498149997324962
"1245",-1.27567334833456,1.00557460715544
"1246",-0.841684458622818,0.507035083475204
"1247",0.0585977512656919,-1.7052777969918
"1248",-0.318139480382311,-2.70569698231945
"1249",-1.6002179297623,-9.91107754829044
"1250",1.65516963291421,0.036665142158194
"1251",1.50162454998882,0.3174825108162
"1252",0.462766951902305,0.998884454228272
"1253",-0.487821669677887,-0.661745574012957
"1254",-0.319146410880391,0.41832846366484
"1255",-0.48094437469321,0.202990571268196
"1256",1.1894547946028,0.535364342177179
"1257",-0.113058666194534,-0.64451036436092
"1258",0.0838162277229698,-0.736273280094501
"1259",-0.830704527320857,-0.454996753765971
"1260",0.00458074473722187,-0.826216381934342
"1261",-2.72121302415751,-0.884048662810118
"1262",0.213619374809563,-0.550416991942
"1263",0.786752136634681,0.616041963749975
"1264",2.23394625513612,0.299491298529465
"1265",0.0463040897498813,-0.456275768472305
"1266",-0.38476072162589,-0.513571766556879
"1267",-0.58978583877635,-0.119093377167402
"1268",1.57654481859339,1.25195959795349
"1269",0.069384548469699,-0.39459340704499
"1270",-0.724313304143098,-0.481234062700668
"1271",-0.410570732209528,-0.084945068517475
"1272",0.370453014795,0.390392584257557
"1273",-0.504462263118442,-0.967164428283859
"1274",-0.495564464765559,0.356901055894004
"1275",0.350714695421684,-0.52774769795175
"1276",0.136467365177233,-0.594326637820466
"1277",-1.94882407991821,-0.118138996134388
"1278",0.43481001235773,0.979807568580537
"1279",-0.271648379944922,-0.508113446621463
"1280",-0.0978196666830668,-0.0819808235270032
"1281",0.154975549223408,0.470645578904733
"1282",-0.324051083640467,0.503184671996551
"1283",0.0183060738115366,0.513383608474984
"1284",0.650191112007301,-0.502848416456708
"1285",-0.519557413991663,0.478843186878424
"1286",0.362869696127046,1.0382560302392
"1287",-0.0768775676087553,-0.423948848288482
"1288",-0.596368115768738,-0.0253565453101669
"1289",1.29552511465117,1.02058488071639
"1290",0.46880449848502,0.0440473113385165
"1291",-0.588258296839447,-0.491269666873615
"1292",-0.365809285974482,0.993776224472664
"1293",-1.69658188513239,-1.84943318133107
"1294",-1.98414336163855,1.24744927171017
"1295",-0.126283410071022,-0.378285900014028
"1296",0.417699263238117,-0.0448986484406054
"1297",-0.232310090197866,-0.0381589662511573
"1298",-1.07287067250676,1.38904430027804
"1299",-1.46164978083276,-1.59291034794069
"1300",1.23890465433605,-0.515422152623487
"1301",-1.34692675545319,0.754743068579667
"1302",-0.128296867132854,-0.820534251562383
"1303",-0.0700059314446187,1.55349011312303
"1304",-0.758179244434341,-0.652184059454512
"1305",0.077398306056566,-0.416503148919603
"1306",2.26456585793681,0.314686005988974
"1307",0.982815902854701,-0.803040356664333
"1308",0.893624515832978,0.306116790833769
"1309",0.985970534553144,-0.448877448456183
"1310",-0.503617970246143,-0.0818529325102061
"1311",-0.37958088563972,-0.0705220242984786
"1312",0.00807589667787277,-0.0707769293647036
"1313",0.0752722464477377,0.952990016946171
"1314",-0.717328294377819,-0.466211017486891
"1315",-1.27341877226651,-0.552454274978019
"1316",2.50720999881154,-0.595774653815401
"1317",1.52258955675026,-0.634634360522529
"1318",-1.13089925942552,1.48720765448057
"1319",1.89045710849951,-2.27127729386837
"1320",0.68604412618757,0.25221648922889
"1321",0.139238899530536,-0.978266735913178
"1322",-1.31540690118417,0.303715750030269
"1323",1.02803433068267,1.29801481641471
"1324",-0.0330792725852833,0.0084034003763115
"1325",0.52660736416679,-0.0299473986206432
"1326",-0.51857569760939,-0.0353750809568661
"1327",0.266546732675546,0.446008625113477
"1328",0.608112021208062,0.474208524688005
"1329",0.779390181559472,0.00871336729001928
"1330",1.20735642393653,-0.0127321338246557
"1331",-0.304948086954868,-0.559423943410363
"1332",1.42614330589017,-0.0662193476553734
"1333",-0.715657441747701,-0.643831562306577
"1334",-0.606793706852425,0.503678198919644
"1335",-0.387675564833942,1.72323229771379
"1336",-0.695961115685357,1.00147323016221
"1337",-0.48744040556884,-0.36320090802216
"1338",-0.246465327707164,1.79272807125402
"1339",-0.878510346694964,-0.620802144796995
"1340",1.85496490727068,1.12200948788806
"1341",-0.133096610237301,0.414119411147092
"1342",1.05106194349523,-1.64772676396111
"1343",0.0384045944240052,-0.082644819566083
"1344",1.22664777308233,1.76669444064421
"1345",-0.266305818005105,0.0736526765364331
"1346",-0.401933783076637,-0.289062749525206
"1347",-0.72249374548334,0.655302115570484
"1348",-0.0300848638409019,0.0405629307669176
"1349",0.240289866135071,-1.02354786849282
"1350",-1.1322870024187,0.989356806606543
"1351",0.352364761592895,0.0330775123351573
"1352",0.369999000794118,-0.695220619765558
"1353",-0.873689977129355,1.37918121677364
"1354",-1.17619131183073,-0.878065695342522
"1355",-1.1089907543225,-0.700620721048781
"1356",-0.209689027040536,-0.415352560513585
"1357",0.0247706050396652,0.624644631404668
"1358",0.814708288912537,-0.361763830696894
"1359",0.378084151164814,-0.794554907213304
"1360",0.447288186815612,1.39368557965287
"1361",-0.537501428858094,0.345776729488493
"1362",0.448780097535452,-0.320806416631163
"1363",0.81527052523815,0.315056276847584
"1364",2.27672535853997,-0.00101477361664983
"1365",0.860146745763236,1.5005008714756
"1366",0.546345285993216,0.0737493034286004
"1367",-0.369847763098568,0.368535453095098
"1368",0.839396736671993,-0.650707355215646
"1369",-0.228853821574449,-0.390008640460542
"1370",-0.507878381102881,0.33810916833744
"1371",0.688588788195673,-0.00529907457693787
"1372",0.504042621205095,1.61893941294939
"1373",1.432291480232,-0.605141773323184
"1374",-0.408493905920087,0.331458997628162
"1375",0.862585265640632,-0.346596093176093
"1376",1.35499514645265,0.352672784653896
"1377",0.429574324977211,0.00514479409590165
"1378",0.443013321640553,0.400267568723853
"1379",-0.771422147360361,-0.40224605460323
"1380",1.50768255400457,-0.0378736199447185
"1381",-0.30783052597989,-0.493894154537978
"1382",0.718270957593858,-0.0693214694439507
"1383",-0.122185856272516,-0.568822942990992
"1384",0.140958963010578,-0.624119968185483
"1385",-1.01944434252634,0.422820905738015
"1386",1.48295656889179,0.478413589782779
"1387",-0.707601614253295,1.01901770087008
"1388",0.79690527718174,-0.928907501641431
"1389",-0.154312130851605,-0.564186564096925
"1390",0.984605777448928,-0.0904551478328309
"1391",-0.728612260458756,0.452530937505289
"1392",-2.47134209791434,0.486189334744543
"1393",1.59139678381727,1.00806511960809
"1394",0.00179800113206164,0.0354162037057585
"1395",0.0171813786681622,-0.491166215975279
"1396",-1.08202192424328,-0.0457010831454844
"1397",-0.0326525230581435,-0.577581838399105
"1398",-0.673155567740019,-0.637911743068762
"1399",1.11496528608703,1.03247586466226
"1400",2.29885408731301,0.506524170635244
"1401",0.145585763880368,0.998824488502169
"1402",-0.643703618158084,2.2947131707254
"1403",-0.70139934902171,0.124562880033598
"1404",-1.55759602704938,1.11292789893287
"1405",0.652749749799461,-0.207724850431226
"1406",0.345262589804915,0.713491363702082
"1407",-0.428487457959321,-1.53757800872787
"1408",1.8227819758844,0.579755083607313
"1409",-0.478449449286305,0.33726420931909
"1410",-0.609308608835267,1.93697733951893
"1411",-0.475264577634034,2.59796993861044
"1412",1.85865972097174,-0.012161931656016
"1413",-1.00758620309058,0.669706731672142
"1414",0.73804218120152,-1.42236846235577
"1415",0.382167646682132,0.165921140321391
"1416",1.33283947892561,0.644143904602081
"1417",0.959025085609667,-1.38462151212653
"1418",1.03143817820217,-0.921165651862147
"1419",-0.871333455741963,0.343391798022014
"1420",-0.315310450646351,0.19209912589462
"1421",-0.656310113299338,0.209430797481797
"1422",1.8518825705672,-0.517294632299753
"1423",2.83215039268141,-0.593645700793906
"1424",0.152386414457941,1.83969984995196
"1425",-1.18199746502588,0.278239667203894
"1426",0.676649902391705,-0.206139088494008
"1427",-2.33865276053527,-0.0072015521018932
"1428",0.429965528473748,0.794826495044166
"1429",1.21058977211064,0.803143022350294
"1430",-1.03807773641085,1.25946129712482
"1431",0.0117774497843244,-0.531933742126493
"1432",-0.31750056461517,1.57696173043634
"1433",0.0539697936670848,0.488502986215771
"1434",0.0328572950211694,0.277585812595314
"1435",0.723711984063736,-0.119075436491555
"1436",-2.61319065037046,-0.381602160022967
"1437",-0.500363872170119,0.9197706421494
"1438",-0.388859849856075,1.13059925421177
"1439",-1.75456026070866,-0.0878780114405973
"1440",0.0327042933958357,0.258575696854036
"1441",1.67321453707342,0.0601572172645138
"1442",-0.262079261318925,6.10650860334395
"1443",0.180404815277793,1.45215159441417
"1444",0.619116822558943,3.23206363656486
"1445",-0.314419536075397,0.557995876540186
"1446",-0.633141954554521,-1.09673804212492
"1447",-0.452257183909753,-0.801373940575831
"1448",-0.657647562867847,0.00732910160161993
"1449",0.191062719694853,0.168742260415299
"1450",-1.33874973892066,0.11284155252926
"1451",0.289117115590928,-0.295275511936314
"1452",1.1043175332262,0.543996167488496
"1453",-0.388589355015272,-0.411999004754438
"1454",-0.439270513657188,0.0926704819826349
"1455",-0.984843152273483,-1.4311852297002
"1456",-0.396739756441377,-1.86262911459726
"1457",-0.198034619926323,-0.176429235687844
"1458",0.684560384753866,-0.118876802511304
"1459",-0.151773534544829,1.16095842729149
"1460",0.999785086148855,-0.650615255843137
"1461",0.63469291221892,-0.500896011413846
"1462",1.18499940229726,0.0527779123468286
"1463",0.393052024279621,-0.390270373774743
"1464",0.0365694246969482,1.44769433637243
"1465",-1.43075633497813,0.177860671391543
"1466",0.742330178594166,0.78079290108776
"1467",-0.254368223753287,1.67475734739922
"1468",0.518227902309284,-0.134622246577919
"1469",0.0977658963323235,-1.18510808101351
"1470",1.66072643345541,0.236992902055476
"1471",0.366437917781074,-0.897895605391986
"1472",-0.503198712914882,0.0885146829479402
"1473",1.56143344376005,-0.889175999609704
"1474",1.33370336482621,-1.18347084738754
"1475",0.930380016236459,-0.707142696698835
"1476",-2.12636645096607,0.0507396317085575
"1477",-2.70449398034743,-2.25274636037422
"1478",0.121534001465324,1.41734783591987
"1479",-1.22249885413183,0.142087105551907
"1480",0.0164888921786773,-0.248486363397159
"1481",0.14125469191789,0.939346794203763
"1482",0.179691756094425,1.32222226259575
"1483",-0.0351747847063662,-0.934368545942076
"1484",-0.916198967129905,-0.0498322984353613
"1485",-0.00487781725712203,-0.594460193140262
"1486",-0.856189944888601,-0.268613463624926
"1487",-0.366429628187332,0.150267753801062
"1488",-0.0287658979213728,0.865596362221415
"1489",-1.55293311102224,0.0184256998185512
"1490",0.967046928259855,1.36237058908865
"1491",1.18664799789466,0.072635954005371
"1492",0.0324236409500697,-4.79598485420629
"1493",-0.665785829968507,-1.41941693176013
"1494",-0.0633136942524428,-0.0242546069947218
"1495",-1.12539443710249,0.0539777291621266
"1496",-0.377483145122661,0.0912824497119742
"1497",0.48050575777156,-0.843722474444976
"1498",2.18962643065044,2.3218473175326
"1499",-0.933391009886016,-0.334344000041979
"1500",-0.6168738848305,0.549670028778083
"1501",2.34703283493529,1.76210383128399
"1502",0.317282115666559,0.0931188121198244
"1503",-0.214349112441415,0.386743615076043
"1504",0.255836395135028,-1.90165861284832
"1505",0.795862571279381,0.785289153969021
"1506",1.48999319762605,0.357784028966331
"1507",-0.027475237886479,-0.507247498459621
"1508",-0.812186719262497,-0.598389557550829
"1509",-0.220143496106232,0.133467461582838
"1510",0.444049200105351,-0.243059154871195
"1511",-2.21245431451374,-1.19208716346063
"1512",0.340562611782788,-1.53604000891894
"1513",-0.127361951007314,2.14591661637977
"1514",-1.01967920776277,-0.14910153220343
"1515",-0.0217736208442003,-0.814268058975235
"1516",-1.23868760997267,0.114351956962008
"1517",-0.58907793774334,-1.14129798306874
"1518",1.33654209608951,1.20663435527184
"1519",-1.31974840022317,0.796384936026044
"1520",0.0308517746160895,-0.923115180919309
"1521",-1.32935868305707,0.129746603846706
"1522",0.800304564265815,1.0206562449107
"1523",1.64401185523623,-0.735891304929277
"1524",0.35715394341574,-0.870282561936768
"1525",-0.475300255441826,-0.303461801098064
"1526",-0.34757174994208,-0.99937738453286
"1527",0.801813910337452,0.339964356444913
"1528",-0.854352058877196,-0.549737682011246
"1529",-0.0713691198103592,-0.108517109930436
"1530",-0.571360296400764,-0.091138742286639
"1531",-0.00624025802342097,-0.974720310033063
"1532",0.752991700301407,0.157254058366141
"1533",-0.355304252314866,-0.725647944891921
"1534",-1.36261576856801,0.51791677853632
"1535",-0.34964061938618,1.22670920196017
"1536",-0.510019996522621,-0.838983510738724
"1537",0.0908615571927504,-0.0817884634553571
"1538",-0.750026243449944,0.883379352374896
"1539",-0.303092302704245,1.46455348584458
"1540",-0.156443001553775,-0.423710246584967
"1541",2.18915815000684,0.776648238936044
"1542",-1.06690614883995,0.300679779258862
"1543",0.0198856044376253,-0.47393278605454
"1544",-0.011778582562465,-1.10487132302419
"1545",0.260269559772571,0.747640075540166
"1546",0.00933404780856694,-0.256813537851621
"1547",0.418074862675529,-0.603201437574094
"1548",0.541530161572648,0.809647947216102
"1549",-0.0431225778011384,3.29321918642315
"1550",-1.03681978811168,1.51974234396266
"1551",-0.577767299303371,0.432083704808526
"1552",0.661020378718855,-0.0431113872097992
"1553",-1.25988981291026,0.729254376894726
"1554",-0.824926593737532,-0.691813216517014
"1555",-1.33298159270568,-0.493572831759492
"1556",-1.60944104494463,-0.370498572427616
"1557",0.9933638399481,-1.59533452431839
"1558",0.513810726944005,-0.523026456890044
"1559",0.212114960685695,1.14821673752471
"1560",-0.0713594317944874,0.193318087819728
"1561",0.812411319440568,-1.01222302803587
"1562",-0.354487992926908,1.1383875852233
"1563",-0.549883760344604,0.394917961639941
"1564",-0.618421909778659,0.582620314566631
"1565",1.09132388623968,-1.08559657112821
"1566",1.76951736574965,-1.04225068263157
"1567",0.198855430337679,0.903227085192573
"1568",0.372280535340732,-0.185051795303384
"1569",-0.0557279610179315,1.37665291948683
"1570",-0.665642046266108,0.0592232393406317
"1571",1.06314167142189,-0.171400086054978
"1572",0.853016602354479,0.405792348441247
"1573",-0.0132704735201718,-0.180577902195272
"1574",-0.44576669474513,0.439782453663681
"1575",0.0373547579370333,-0.423751138001172
"1576",0.763476673755896,0.450677961867698
"1577",-0.491534501286183,0.0178020670845341
"1578",-0.763449602119881,-0.00107670759835758
"1579",0.387317609556003,-0.284866168657812
"1580",-1.56155530640216,0.553501513896416
"1581",-0.350962300947849,0.01365755059338
"1582",0.0256040349189244,-0.317644426164946
"1583",-0.72004839206193,0.287592013004376
"1584",-0.370536282532322,0.32361967348424
"1585",1.70717435607839,1.67703530687754
"1586",0.395387987955594,-0.188923104667972
"1587",-2.10760271164334,-0.571464571595557
"1588",-0.00377708651337039,-1.57031283437153
"1589",0.953314434067009,0.789384282121909
"1590",0.423248140071805,-1.45841769568172
"1591",0.991700921915463,-0.716471359107329
"1592",0.136080431437251,1.66014537332788
"1593",-1.07052921080969,0.0196274356269736
"1594",-0.339838357546738,-0.024951702442101
"1595",-0.407409967388953,-2.03687339836706
"1596",-0.855223380277666,2.04352832584484
"1597",0.350158258233646,-0.386891220808797
"1598",-1.90530860295415,0.415587873263986
"1599",0.420511181385543,-0.228212349517046
"1600",-0.980130966330222,0.214851346130378
"1601",-0.316141392176452,0.757674112438908
"1602",-0.957034579880937,0.277116067652115
"1603",0.229264883967943,0.525095751724222
"1604",1.72398139933841,-1.45923596673585
"1605",0.670041877178896,-0.0868712747601447
"1606",-0.867767558322977,0.491661919260896
"1607",-0.542709184763035,1.05938162801375
"1608",-0.622078300049088,2.20158273142849
"1609",-0.988520372506374,-0.238922473334168
"1610",-1.16493566829261,-0.353577641571784
"1611",-0.465033535531555,0.00958995126371897
"1612",-0.856072328746758,-1.35495531093386
"1613",1.35004667709446,-1.48776103287214
"1614",-0.917453043648472,1.01858493360426
"1615",-0.26170621210477,0.414660043476849
"1616",-0.129028230088826,0.421928269785932
"1617",-1.23325227597866,-0.867740501400014
"1618",0.612440821683614,-0.528710275210238
"1619",-0.89391710656271,-1.04650721210279
"1620",-2.27054596666902,0.606791077953087
"1621",0.871165756162346,-0.5245372704364
"1622",1.04254616719203,2.91282557541103
"1623",1.08929888138024,0.938344645298585
"1624",-0.333551996387092,2.10484395149693
"1625",-1.59584537227724,0.389971038719309
"1626",-1.1976407353167,-0.269050268310936
"1627",-1.68309860608155,0.731104017987677
"1628",0.126659299532394,-0.560056341339085
"1629",-1.29050050123231,0.72241456292859
"1630",-2.05067163351497,1.69458035950737
"1631",1.93656294230729,0.359086321352578
"1632",0.745424881434743,-1.19384486853924
"1633",1.36742193998832,-0.511320509111568
"1634",0.900075848075841,2.56811664412833
"1635",0.0290327253663745,0.314488181028506
"1636",0.396759292677871,0.371201419773105
"1637",0.965858410068147,0.081703361778915
"1638",0.596992389596412,0.504096860051898
"1639",-0.123713011334738,-1.49995032484221
"1640",1.61640888386131,-0.0552976817646241
"1641",-2.01330162140481,-0.0131215806714704
"1642",1.46217110619925,0.125815140621771
"1643",1.06803507975611,0.143925479272386
"1644",0.0115498984494073,0.475179584452653
"1645",-0.486152047144983,1.45224880610602
"1646",-0.151741083238415,-0.593812897337067
"1647",-0.908188605985406,0.288473244647998
"1648",0.501604403212807,-0.272732656400171
"1649",0.636686233414421,-0.663638703137173
"1650",0.304674417270133,-2.1602721912119
"1651",0.010023827800741,-0.693455204606131
"1652",-0.741287384034613,0.0370019523036221
"1653",0.25399568648455,-0.500435660218162
"1654",1.18720744730446,-0.133764776674863
"1655",-0.580342064173551,-1.46339979009586
"1656",0.652905098420501,1.14848094106522
"1657",0.160202304488388,0.360819168276519
"1658",-0.879971015158197,0.369769328591485
"1659",-1.36623824136459,0.188185248893916
"1660",-0.751978365810834,0.850709598519597
"1661",-2.09184519866863,1.05062511162616
"1662",1.39411614872189,-2.00012712407389
"1663",-0.0487752518614749,0.25941551565072
"1664",0.937839769345973,1.12200718870017
"1665",-0.881187894911817,0.731915370917336
"1666",-1.09474153723585,-0.279748675351016
"1667",-0.711228949173157,0.891909944163644
"1668",0.151853244386207,-0.608493687927828
"1669",-1.15143711930923,0.159526380082453
"1670",0.0618836349470505,-0.366602620431548
"1671",-0.762464062280785,0.171502895141947
"1672",0.00280401671747983,2.07491874788252
"1673",-1.88003025803737,0.905574071683784
"1674",1.78934668227116,0.397094506928158
"1675",-0.0402489363827428,0.541574700901646
"1676",-0.801376876455078,0.54721562131119
"1677",0.177580153144865,-0.825135693794372
"1678",0.277009904581963,-0.00134896596930878
