"","fintech_res","stock_res"
"1",0.0237733454498424,0.267615231345423
"2",-1.33700308885489,0.585258615229483
"3",1.08272926905826,-0.712898769638141
"4",0.522590093388603,-0.851467398393836
"5",0.113520505510971,0.507765508410192
"6",1.14377684274322,0.617533176192917
"7",-0.356542113322085,0.811241806585518
"8",-0.103468855538219,0.431854686774251
"9",-1.02424348906442,0.0841417964461869
"10",0.79231081967563,-0.224674866736375
"11",-0.0716055137182757,-1.46183504434081
"12",1.24030784666839,-0.559362575961836
"13",-0.331793791085917,-0.3521550191778
"14",0.30014816727064,1.16086816365072
"15",0.0896926861777942,-0.359129549439452
"16",-0.386307579089522,0.874367431142946
"17",-1.04507958840525,0.686921659419912
"18",0.107469995978111,0.504238342954822
"19",0.862314890803055,0.5217682179759
"20",0.231882229562089,0.463568151650327
"21",-0.278576912488343,-0.675901864045474
"22",0.794684394703561,0.612143270603603
"23",-0.315334788876235,-0.139536510425094
"24",0.68861934427045,-0.602752374582312
"25",-0.048648752374827,-0.971499662100085
"26",0.369082765671844,1.45266603021818
"27",-0.0642563527721104,0.198428715444437
"28",-0.358590853985765,-0.351051306227716
"29",-0.99867458837837,0.227626658507701
"30",-0.990505150803361,0.86018680462108
"31",-0.407616279619005,-0.228605123154108
"32",-0.293649824212598,1.51953162397126
"33",-0.390217520984039,0.861150296295712
"34",-4.83750374345029,0.383252347289956
"35",0.20820683158826,-0.304054140668489
"36",0.507126652115316,1.40888521432622
"37",-0.046233639130362,0.283460343923586
"38",0.0855574848039858,-1.03308368757047
"39",0.146726135433308,0.571390434042482
"40",-0.101681302706184,-0.446476864374118
"41",-0.156534935465136,-0.264032569975522
"42",3.25134000151283,0.0038518707587604
"43",-0.343598253703986,0.00046119655203075
"44",0.408063610780077,0.0746453573710053
"45",0.199737292928463,2.02264104357059
"46",-0.515570573976938,-0.0476804113075385
"47",0.92698222965119,-1.50279657672104
"48",-0.152981703012765,-0.787150324693207
"49",0.160480142821865,0.254563869642673
"50",1.16971151547593,0.0333697667028093
"51",-0.590272995511228,-0.625436015117162
"52",-0.675902270815583,-0.396650521440911
"53",-0.547582423596458,-1.79921597529938
"54",2.32192441481566,0.824170035720239
"55",0.1694207487993,0.513085841663032
"56",1.49235637814041,-0.365891913668945
"57",0.858475629881729,0.348959547771159
"58",-0.914548237290658,0.389222374053258
"59",0.314308251190699,0.154503570434777
"60",-0.578227103794341,1.1669720937976
"61",-0.318819447973194,0.69068223293032
"62",-0.732131845788297,-0.542647470416829
"63",1.25906441392268,2.50989798114272
"64",1.19458321544422,1.14558754307366
"65",-0.322230708500925,0.151238819851756
"66",0.129331736002524,-0.434849375067794
"67",0.481735693776949,-0.515140489628533
"68",1.43345963062379,-0.194111374339345
"69",0.676813760404802,0.0575667677095461
"70",-0.329097488314883,0.768962713541702
"71",0.863031316976577,-0.639839314955607
"72",-0.801353264041958,-0.924939037130118
"73",-3.08959815130103e-07,-0.222630170099099
"74",0.321805444477862,-0.493566780222088
"75",0.124206450645196,0.733734937673487
"76",0.291461539431435,-0.20566728846164
"77",0.125075858233254,-0.607443484461629
"78",-0.752019012110595,-0.20516875182823
"79",0.773385731398096,0.256925552853354
"80",-1.01339815462148,-0.15846023077179
"81",0.56854400785606,-0.355066086809291
"82",-0.98050380702386,0.587033185914898
"83",-0.526614608725768,0.167987486691476
"84",-1.21842119549695,0.0903720151610684
"85",0.137140429732398,-0.0830804681762584
"86",0.413786137371131,-0.882025276609199
"87",-0.101307732935646,-0.0161912102741705
"88",0.697671685863471,0.55302472526649
"89",1.27982432286462,1.01980515117561
"90",1.22704278701136,0.18113222321681
"91",-0.80939513759931,0.634025654686824
"92",-0.167371660057226,0.549237348601098
"93",0.234441281075902,-0.232380831671605
"94",-2.13236544879805,0.691280498761177
"95",-0.179683492658428,-0.15819584545135
"96",-0.508371900953104,1.57723554407112
"97",-0.663358014909978,0.144090327219735
"98",0.777679812083838,-0.909739597554443
"99",0.301816538312273,-0.185973872755134
"100",-0.161179786093788,0.980907309451466
"101",0.265782828514484,-0.0765205206952569
"102",0.0358308333516477,0.990529695023927
"103",-0.81558364048729,2.13112059563801
"104",-2.51804535736511,-0.20022660419376
"105",0.453569388583313,-0.70543503677451
"106",0.207205770888412,-0.20976544726771
"107",-0.239856763349171,0.221345334561465
"108",-0.612071433335022,0.306982500586119
"109",0.604155853254628,-0.394102724573456
"110",0.652573390946356,1.45810974466744
"111",0.713179183941881,-0.0966963908981445
"112",0.694780043374268,0.662513996705932
"113",0.103503821415024,1.38302064231537
"114",-0.0319816581051737,0.551069754796229
"115",-0.319652240612332,-0.556395477840906
"116",-1.0674282457283,-0.510009409127763
"117",-0.255136994204104,1.31977404096589
"118",-2.3853749243441,2.59205678969413
"119",0.324443958911685,0.117274456350631
"120",0.461710333598726,1.89034379412953
"121",0.282606878443648,0.93455524173396
"122",-1.68700786116371,-2.65575273649882
"123",0.0428722746554634,-0.13894676098517
"124",-0.880710401313508,-0.668974456542497
"125",1.57264846795271,-0.638082454469041
"126",-0.0177054751359328,-0.150288442458424
"127",-0.661720207780354,-0.999004728765511
"128",1.10432692594338,-0.705445074593137
"129",-0.837123797429327,0.611188661241613
"130",-1.6490584184119,1.59645167585889
"131",0.731046482953196,-1.07292787049229
"132",-0.0812280593206645,-0.79598378467396
"133",0.529381920826008,0.459860182191714
"134",1.45996284964198,1.03847647438951
"135",-0.641008451062412,-1.48251232285819
"136",0.187745061537462,0.658405549578844
"137",-0.0233281480282197,-0.694946035575518
"138",-0.287687677955755,-0.815319723488846
"139",-0.86324695490726,0.208433850936893
"140",1.06957509166883,1.30997675704053
"141",-0.968469968495275,0.18226627991744
"142",-0.256860586437975,0.505296997521898
"143",-0.715181829075513,-0.466350318569907
"144",-1.16118485385914,0.00865646773567563
"145",0.369940344169992,0.433116809588328
"146",-0.648743027725202,-1.8077760490651
"147",-0.0616647802396104,0.57646010402675
"148",0.358071619871236,0.02142595353533
"149",0.686631704874837,1.57878948392524
"150",0.632426306200241,0.120716019419093
"151",-0.128664442080317,0.250445886094563
"152",0.125584883035638,0.394105223458537
"153",0.0554829275640379,0.55806846449998
"154",-0.595939505276045,0.72546567013431
"155",1.46926261882796,0.929391698873985
"156",2.0235778516878,0.0499292635790868
"157",-1.22832696757273,0.790450811572632
"158",-2.2392306801025,1.05619408801936
"159",0.131207632782278,0.55424075078857
"160",-0.323324977117694,0.436481571939941
"161",-0.188076436199282,1.09967146346933
"162",0.4905328379489,0.398770849672301
"163",1.51748184969148,0.471724305849499
"164",0.166697728547813,1.66069923541778
"165",1.84570084339474,0.15104905282206
"166",-0.433057628171441,-0.793429998666679
"167",0.150995544023026,0.522654333009324
"168",-1.02986385052927,-1.85264401905273
"169",-0.305040525144863,-1.31264322090055
"170",-2.282347839881,1.08515981784817
"171",-1.41047314228523,0.724104236013524
"172",-0.155324435223234,0.267785623589411
"173",-0.288285742548089,0.967613335079853
"174",-2.97203041015239,-1.93995901705334
"175",0.555858541048031,-2.40973581114746
"176",0.704627998296351,-2.05533441692697
"177",-1.57700890825283,-3.00658164866727
"178",1.14869370457509,-0.111642489564557
"179",0.221009222363657,0.889206794344717
"180",-0.236342684638495,0.397468641259027
"181",1.0961394241332,1.21506270811672
"182",-0.156555311739217,0.514911598340169
"183",1.48829834109199,0.362133597064364
"184",0.88720341296115,-1.01116906546322
"185",0.4686542547682,-1.02385994673151
"186",1.7790759529565,0.238924871290222
"187",-0.961522915275719,-0.595107094083558
"188",0.626357169241589,0.00140500390518862
"189",0.0956134070593853,0.658959688476373
"190",-0.446329806493408,-0.331603780466647
"191",0.296035129273253,0.504957410330759
"192",2.20406227176756,0.247172093535906
"193",1.11613196019111,0.0570005024939279
"194",-0.0777651967655894,-0.745266623067555
"195",-1.24057698097409,-0.327939862874565
"196",0.344728097173311,0.658420650317353
"197",-0.305523312372157,-0.695687803191493
"198",0.712583284507006,0.773817915567655
"199",0.251547188600132,0.193450941056887
"200",-1.18053104282204,-0.278596712203461
"201",0.173061809082765,-0.88059099824495
"202",-3.49689404650332,-2.32551662165256
"203",1.77896069184003,-1.44876350340006
"204",2.06530624256352,0.201171975115622
"205",-0.091104661483495,-1.42842982860889
"206",0.20326146317352,1.11606870366228
"207",1.38888669689578,-0.447823009194234
"208",0.326484030322324,-0.227820363775794
"209",-0.644156826436484,-0.423017097895595
"210",-1.15972535734717,0.172804574566861
"211",0.549444955343857,0.350900712685255
"212",-0.139991186875503,1.93856803721478
"213",0.314396235668371,0.114185930791174
"214",-0.261048731803626,-0.990110022048068
"215",0.454904347191512,-0.697735304736534
"216",1.52853747193043,-1.76563332206723
"217",-2.02662329054275,-0.782920121520474
"218",1.94167962690447,0.456674547306306
"219",-0.277949343737635,0.773961415134013
"220",-1.22829147521378,-0.950428590785106
"221",-0.951969959317085,0.476727313931423
"222",1.71664161534997,1.55874191134149
"223",0.319237333478685,-0.496116785672251
"224",-0.664142826511008,-0.992172920234273
"225",-0.132100198340089,-0.34591958884331
"226",-0.49778510655127,-0.0270120959888352
"227",0.869994090411216,0.324189357798373
"228",-0.496383108235422,-0.524974367207101
"229",1.03615382453735,1.13562929286805
"230",0.290540181741427,1.1427875423598
"231",-0.310425756235732,-0.129470434396968
"232",-0.361036901356441,0.369954099979879
"233",-0.908680011049776,-0.145041775826164
"234",-0.638507298469763,0.949740499374881
"235",0.977106353289128,-0.093550131574513
"236",-0.588820531434632,-1.13420542937785
"237",-0.169525164441897,-0.538977221578704
"238",0.348300757699543,1.29105321757201
"239",1.15365639146903,0.164968782717692
"240",0.0428450188261643,-0.560671718097235
"241",-0.438059674641048,-1.51182118729843
"242",-0.319342050731071,-0.559193359290088
"243",-1.49912353377993,-0.166243604601451
"244",-0.564881662140219,0.403680934426957
"245",-0.156256097117679,-0.340277196409914
"246",-1.64926632352084,-1.98063605158751
"247",0.708610708159345,1.58907863254602
"248",-0.581229172900173,-0.344097147663097
"249",-0.335966664678364,1.47460590592282
"250",1.58849763155757,0.326600295781796
"251",-0.408291804025421,-0.387306435377894
"252",-0.482319880668979,0.0565837905309974
"253",-0.789626100709663,-1.38820598885222
"254",-0.242672309043982,0.240388528258297
"255",0.568706304680074,0.855954010615737
"256",-1.22637563346426,-0.495585267382773
"257",-0.309926592997288,-0.00358851435580225
"258",-1.21392738933834,-0.124666832865082
"259",-3.53173450914879,-2.42973071118876
"260",0.651458494849596,-0.0536969227893341
"261",-1.46701805906079,-0.655247164953545
"262",0.824240415913638,0.176194482090857
"263",-0.281974962254103,-1.63490237859152
"264",1.32691329774636,-0.906933114157112
"265",-0.089069937677891,-1.72528320232322
"266",-0.351985745924898,-0.768739316588734
"267",2.15397434643329,1.50081306919223
"268",-0.60241848537136,-2.59028637214825
"269",1.0786956930231,0.0741890609301223
"270",-1.23335070964346,-0.577980887353284
"271",-0.727922069420584,0.198162111266322
"272",0.378649010005828,0.722807986218829
"273",0.654000194487666,1.91515726813985
"274",-0.0850841648487676,-0.0138350143030183
"275",-1.52277245749828,-1.02852723717692
"276",1.5126361109303,1.10008939927246
"277",0.0236714819231531,0.0718549825242809
"278",0.137803189116135,-0.781792907296587
"279",0.105273607825339,-0.528310900292348
"280",-0.609690586644966,-0.28585972151589
"281",-0.412410986720415,0.158238117532147
"282",1.55664941211752,2.08934104856581
"283",1.1158205071832,0.960153070515767
"284",0.615667211527589,1.09113789694709
"285",0.0452309334182148,-0.00167542534129248
"286",-1.08741974046729,-0.962238459169198
"287",-0.609444175795397,-0.194873496303508
"288",-0.527982873831736,0.499044399755615
"289",-0.19167494166432,0.120464169471507
"290",-0.717299106183911,-1.82047200569691
"291",-1.3056315687057,-1.53355215286017
"292",-1.10101411549829,-0.792178843872256
"293",-0.469102131356672,-0.205749326543728
"294",1.5921304762001,2.13833194770275
"295",-1.04838779038963,-0.898861948906738
"296",1.95894901515745,1.58756760923494
"297",0.52953391094967,-0.0765869316039761
"298",0.999343758522396,-0.615625151319519
"299",-0.584869924173597,-0.310918232164536
"300",-1.01183552128542,-1.73943322827102
"301",-0.433820408086103,-0.120819467982811
"302",-0.710780873796435,-0.892381781940465
"303",1.2115957120424,0.981956544317043
"304",0.320098796218701,1.18032549597517
"305",-0.7971537257698,-0.023072071484235
"306",0.839078610338697,0.314693980435014
"307",-0.0150787260615799,0.335257247815183
"308",1.23379550675824,1.56689426178164
"309",-0.0586992340578462,-0.328796627063228
"310",-0.395531554316418,-0.208458357286404
"311",-0.954056631182372,-0.809801555141978
"312",-0.426159920686308,-0.132619339655241
"313",1.00386743014093,-0.313982324271049
"314",1.07426964837278,1.19778583008476
"315",-1.06325857472347,-2.02507334064778
"316",0.402778018602027,-0.730354261045323
"317",-1.04479937474784,0.593736973953743
"318",-1.5219121983658,-0.715557249819367
"319",0.445895909017702,-0.465158263273028
"320",-0.230542805114386,-0.55191393996019
"321",0.644577430751508,1.07136690495392
"322",-1.61610777093754,0.315393789364552
"323",-0.665123925425052,-0.810598135285865
"324",1.09998681392485,1.87494584218958
"325",0.469533449602115,0.855047185450501
"326",-0.301966853396268,0.0517143419638912
"327",0.697355018394172,2.70942990060277
"328",-0.0237275794282727,-0.725971782225966
"329",0.0519094293790058,1.03471684576893
"330",-0.976175133913291,-0.2485697697329
"331",0.130662417678279,0.97044527641677
"332",-2.42162178596245,-3.63712181301282
"333",-0.457048099848006,0.153573065660447
"334",0.298561383752954,-0.0279936454524759
"335",-4.26332932880162,-2.70327586680482
"336",-0.0417413874671638,1.1650691425251
"337",-0.379501495679052,-0.72230031577797
"338",-1.10272038135869,0.0967332793922971
"339",1.45607908982215,0.298125190700194
"340",-0.70531418964466,-1.51390731168277
"341",1.61693874841902,1.82507678726369
"342",1.95024355459205,2.09127886013745
"343",-0.852225547320886,-1.56942062648039
"344",-0.339148184944907,0.261289529099768
"345",-0.272002500546504,0.129850415656814
"346",-0.269386744529529,-0.332288063986035
"347",-0.200278822089381,-1.92213761219588
"348",0.430103119474453,0.576872910452673
"349",0.239784654235195,0.75239544182838
"350",0.577832010156492,0.252829902527376
"351",1.51100187743581,1.92985645285327
"352",-0.104456850314553,-0.680516970042286
"353",-0.330833604167753,-0.250979346515073
"354",0.191419873676989,-0.444977564240675
"355",-0.938066255659589,0.109795882785711
"356",0.0110705530891083,-1.38722761905103
"357",2.05053358509049,0.287966165399039
"358",0.834284062521248,0.429721791271001
"359",-0.175373809887544,-0.855800879128408
"360",1.40235551988073,0.760713177845206
"361",0.428503443735489,0.0647011849117902
"362",-0.247903980601576,0.893811095846516
"363",-1.75741481585048,-1.32328031037976
"364",-0.0435469083375979,0.148075250984884
"365",-0.104105996507162,-0.438638412632215
"366",-2.31328167605504,-1.11283071077008
"367",-0.0749266352331216,0.0435772601258597
"368",0.475541309901082,-0.224262582810439
"369",0.700543118485339,0.847232394083366
"370",-1.68662842334224,-0.615371812387381
"371",0.182297993291169,0.856091372613808
"372",1.70939209382762,1.88632344342602
"373",-0.008233659819155,0.281140835946404
"374",-0.340474918862466,-0.439698724048426
"375",-1.28353774464317,-1.52832665428369
"376",0.0850617760835124,-0.119845854764594
"377",-0.309013650660561,-0.720847903890139
"378",0.416675334096491,0.235361978656849
"379",-0.26713105519735,0.230460163677636
"380",0.760638187352804,1.20092219705914
"381",-1.71399017842708,-1.17286032615465
"382",-0.255182125525183,0.11533083380081
"383",-0.297135272650583,-0.998838784338184
"384",-0.769260768308653,-0.900420503055337
"385",0.546459481364597,-1.17782360085872
"386",0.0942573837906557,-0.890292931555331
"387",0.739414822391718,0.063131473591932
"388",-0.325651779366791,-0.379180540183772
"389",-0.670711191225647,-0.536772095668117
"390",-1.12095100558091,-0.189186482174458
"391",-0.243300199913443,0.596671817793698
"392",-0.245190259784728,-1.09582057674025
"393",-0.190008690832411,0.235397628595912
"394",2.24631307930467,1.61027705729858
"395",1.28855241639497,0.0175426741037411
"396",-0.202280988727567,-0.321664113805866
"397",-0.0983728978977216,1.02239590610597
"398",-0.218223425471407,-0.0288473190896335
"399",0.69063469893175,0.901131494399124
"400",-0.801830673409619,-0.922457518094811
"401",1.50215835214433,1.80100583339407
"402",0.162878948637724,0.0684937935141109
"403",-0.891530148030795,-0.303095271012425
"404",0.317532567085764,1.70432026553579
"405",0.345426229322244,0.581858923586089
"406",-0.988363896350979,-1.14868918885203
"407",-0.043031525482983,-0.142730775771135
"408",1.08644511838578,0.511466695761477
"409",-0.353787669706713,1.14445778735478
"410",-0.240417340186243,-0.169162679931785
"411",-1.22941527514423,0.745595476200316
"412",-1.05070317701463,-0.630535661785017
"413",-0.496303312384401,1.68354238845475
"414",2.06727390904737,0.555016019759821
"415",2.11294336615066,1.08130879949931
"416",0.45488392902689,0.177163310059697
"417",1.50378185054229,1.82022349036801
"418",0.126016541821377,-0.179247266134529
"419",-0.434088188510341,-2.12039132517262
"420",2.51625041194805,2.06140132650085
"421",0.79477119550013,-0.113610874338815
"422",-0.340174966884573,0.330970700540177
"423",0.182349740445952,-0.390254709457118
"424",2.8046189666065,1.55134997499918
"425",3.91956101284445,5.06560443041377
"426",0.252188003526955,-1.28039523949226
"427",-0.890616115682392,0.430814125236211
"428",0.318755102027238,-0.211528380157829
"429",0.937570995744261,1.95590821108473
"430",1.10444715215661,0.27162649982093
"431",1.72000309902655,-0.0178254132555951
"432",1.47192318746556,0.248840642059816
"433",0.968169455048788,-1.35358177533511
"434",-1.65187563528602,-2.79376193094707
"435",1.64558374427751,0.507574875276451
"436",1.41691658567554,0.21690902245953
"437",-2.04789145547386,0.147354392626558
"438",-1.46132471959441,0.102446901749776
"439",-0.0261207179285186,0.740815612818288
"440",0.856495904325433,1.83542004820898
"441",0.493551347826861,-0.434328999602909
"442",-0.145568922710843,0.170758289295907
"443",1.03141186930403,-0.288944026466431
"444",-0.40789965471407,-0.193896979070192
"445",-0.831402235658391,-2.31729817566661
"446",-0.545413465178841,-0.302462835894934
"447",-0.107594073696516,0.899765058305017
"448",-0.45500881281635,-0.171619952943809
"449",2.10991275453933,2.86972126976386
"450",2.42635857643825,1.32717130038564
"451",0.102866210579646,-0.0461755359588117
"452",0.459010631608898,0.783118026792906
"453",-0.0940872905350201,0.823704700843392
"454",-1.01588550807437,0.274571339666129
"455",0.158081022877829,0.151651751029098
"456",-0.997237713658167,0.322397867190608
"457",-1.00284379819708,-1.46302432282572
"458",0.168898582990309,-0.211032692353386
"459",-0.527231517950297,0.0972256415935778
"460",1.25557261306132,2.86184998214241
"461",-0.351293016426527,-0.151920108967662
"462",-0.534722360281118,-0.276876721504748
"463",0.572694542024272,0.994808579233364
"464",-0.894991583926504,-1.97980830171111
"465",-0.767291278846595,0.203912075465451
"466",1.13991989712124,-0.132889924199185
"467",-1.94108744803437,-1.26023238324839
"468",-0.090513646754412,-0.947513322036033
"469",-1.87312776892082,1.1843991089343
"470",-0.220353045587281,0.136555298446802
"471",-4.00618304376868,-3.76466529810161
"472",0.0815213621224342,0.00652778079173582
"473",0.113011458853662,-1.12411651324543
"474",-0.029746013048451,-1.28333823648479
"475",2.05320407435854,1.94168862982621
"476",-0.560235894533691,-1.04328544583743
"477",-0.230529841024601,-0.29505815456582
"478",0.647713597579673,1.15988862915396
"479",-0.329901250187934,0.189262580553072
"480",-1.62828008136637,-1.21430922454514
"481",0.661555090489801,-0.413216456565956
"482",0.609641974394984,0.502920997083669
"483",0.657843983043837,-0.302013580700109
"484",-1.49943444439744,-0.930521227023963
"485",-0.645242502444065,0.364924859552446
"486",1.7303943143783,0.475598809991623
"487",0.155373570124019,0.671368430467531
"488",-0.167570667943462,0.174675504766092
"489",-0.564452246335632,-0.320508384630043
"490",-0.224045784116502,-0.390705725403906
"491",-0.427331517849064,0.396497968370285
"492",-0.480779251900257,-0.635928222079892
"493",0.0235332853693135,-0.0340438018614025
"494",-1.02613796846675,-0.414857947155295
"495",0.436088738092533,1.1535304930072
"496",2.30072941329473,2.08076765282039
"497",-0.503835015143222,-0.418129047804578
"498",0.289104642120406,-0.0514765759158874
"499",-1.24353945166473,-0.286223138688594
"500",-0.245552071705522,0.266843087688889
"501",0.287484033987691,0.399816468888629
"502",0.853903411780845,1.21845500751398
"503",1.31066707174495,3.17799177957561
"504",1.85589953284668,-0.0789141483629185
"505",-0.139788647369655,0.354446017452404
"506",-0.959732993637439,-1.22712397403966
"507",-0.281365139800992,-0.161757363372164
"508",0.589154410532861,0.961822014469035
"509",-0.768583593715274,-0.159797639908893
"510",2.03133828407468,2.20898077169364
"511",-0.417983375723026,-0.104025614281358
"512",-1.19087856982061,-0.982493043427885
"513",-0.202112219961307,-0.36209217846647
"514",0.312279802166137,0.263578624025921
"515",-2.20144097934165,-2.00437725897911
"516",0.0455046000967871,-0.427554668898497
"517",-0.166958675793056,-0.119969491432558
"518",-0.156020895411915,0.293703433778472
"519",0.0286943637144737,0.413169233514428
"520",1.55905627670392,0.0418722222527798
"521",-0.0545436501794737,-0.59982852744982
"522",0.148941982372212,-0.301427619073762
"523",-1.38219951907259,-0.54990912839866
"524",0.38277168294106,1.23024188298081
"525",-1.37470987536179,-0.463327845520656
"526",0.905216420003226,0.0113529241342316
"527",0.811835205967597,0.84597340335415
"528",0.511755134107006,0.881107408129592
"529",-0.109453148665992,0.277952359854945
"530",-0.254668771600869,-0.288864640371979
"531",0.479944305505266,0.479869662218648
"532",-0.0429530663503115,-1.15259862525013
"533",-0.119481994916073,-0.863870298660814
"534",-1.01470393695638,-1.54450496124574
"535",-0.985723319881647,-1.82587483836593
"536",-1.45316373673081,-0.782259442021754
"537",-0.760318667960428,-0.396810936648658
"538",0.614810127773143,1.15316322705245
"539",-0.794203516173609,-0.425714998817543
"540",1.45267025777693,1.56400215370074
"541",-0.767858785163681,-0.92661298166749
"542",0.179900676552973,0.365247863418535
"543",0.761489093592852,0.233970552179169
"544",0.501714708854888,0.345938230699524
"545",3.2972837749138,1.57886791666324
"546",-0.079556602891017,-0.00954983400554991
"547",-0.0464923252233278,-0.191745421425781
"548",0.529426197518204,0.278745225204813
"549",-0.131525595447327,1.29254997403326
"550",-1.24910729678992,-1.73086584511288
"551",1.44804678053733,0.712222283113974
"552",-0.0346231583523944,-0.640236166929851
"553",0.715018445841586,-0.295352258541891
"554",-0.997846214720964,0.46876541905112
"555",2.11474804983347,0.735523961578323
"556",0.572659442671917,-0.099477255176444
"557",0.691623312657733,0.923543310339542
"558",1.45519833007717,1.14564783384721
"559",0.67754783484751,0.834627435758101
"560",2.12547104755902,0.015214137470989
"561",-0.186893936133759,-0.368815042439409
"562",-0.847829815783805,-0.441655844194282
"563",0.511142288716437,1.44558825331835
"564",0.295903796940066,-0.570002395987451
"565",-1.59063429033534,-1.46613099864024
"566",-0.442482661094366,0.496864018487876
"567",0.63122738185773,0.0809816854286144
"568",-0.139313971130715,0.227545390518202
"569",-0.6527824552991,-1.10797060096912
"570",0.540127339695439,0.306789781499372
"571",-0.768780096181392,-0.40041623130506
"572",-2.43183536608076,-0.00323143739603557
"573",0.452760169243188,0.0296394814472698
"574",-0.761339565081579,-1.15854220793259
"575",-0.188568458953525,0.852578785005611
"576",0.486142169973446,0.0173456643696283
"577",0.856053850441735,0.678933698132696
"578",0.30831464585281,1.53433992751318
"579",0.907432827605719,1.09266628077999
"580",-1.48695810757776,0.0774673867332615
"581",-0.295129628230742,-0.366514415405707
"582",0.103594093358819,0.248226527578934
"583",-1.27832616507371,-1.82890050906851
"584",-0.0648940374682041,0.198091856297155
"585",1.07535808803368,0.11811950573055
"586",-0.541615984504842,-0.652687313078199
"587",-0.0730454389940291,0.150198622977213
"588",0.39352540063415,0.305815144073644
"589",3.57831558438639,0.5482850690756
"590",-1.32065045680837,-0.495603461072266
"591",-0.844770051968513,-0.617913106900687
"592",-0.629382106637458,0.0888679827756682
"593",0.441064907898063,1.89340225511983
"594",0.421472816774645,0.732351982960328
"595",0.41045872421132,0.690160526751003
"596",-0.925260528409363,-0.274046608920629
"597",0.495866653804897,0.0437984471953247
"598",-0.111167693477508,-0.843396256287898
"599",-1.27129422485291,-1.78581153641804
"600",0.0299746154882819,0.170871065762782
"601",-0.0689391122409285,-0.140419839040726
"602",0.570246449833438,0.0483542883513162
"603",-0.671622542814928,-0.545762412377329
"604",0.494221028347213,1.01907266793506
"605",1.12359426119319,0.732026757495825
"606",-0.717633212071261,-1.20189160105462
"607",-0.175113985133794,-0.682743684311137
"608",-0.996080693674088,-0.974210920949292
"609",-1.35180226425758,0.987559099962041
"610",0.0249576447180135,-0.170432482124267
"611",-0.169942227373105,-0.0444442764104615
"612",-0.242778550146067,-0.531521592361542
"613",0.142430210476441,-1.29057249019218
"614",0.304778184323964,0.13973679524733
"615",0.231012172822967,0.361618099015705
"616",-0.0233096014420463,-0.303702167825104
"617",1.45595512065282,0.781947208480804
"618",0.200890395444173,0.659764769195648
"619",0.629458171227938,-0.229372428801366
"620",0.612266176459781,0.150909427519537
"621",-0.149410333679623,0.502293402192676
"622",0.00604212593947471,-0.458499079698753
"623",2.10284909151282,2.72763161644355
"624",1.49884659957443,-0.261041580415766
"625",0.753483260788874,1.2940138188126
"626",-0.189487093875835,-0.304097184176302
"627",0.0736734779762593,-0.227358197886819
"628",-1.66534902605359,-0.23914779513541
"629",-1.98475662862478,-1.04010238543114
"630",0.72609392831314,0.424915270441987
"631",0.600541760089435,-0.390641102073567
"632",0.484605026066374,0.962807056364019
"633",-1.15996505670898,0.219539622272183
"634",0.842507479388745,1.72743956041483
"635",0.211110524905819,0.00580034479390696
"636",1.38342916762242,1.07514112033281
"637",0.562272340587222,-0.489547830120411
"638",0.312880835586809,-0.740577917348108
"639",1.14453204499928,0.576947169810746
"640",-1.3909681107402,-1.30034520125146
"641",1.55012245817926,1.00911000245676
"642",-0.0690803863617816,-0.00542811792625958
"643",0.981602242854471,0.819718828270733
"644",-0.444955478186822,-0.358382950828813
"645",0.611556872989805,-0.766899429474565
"646",-0.0535480072688024,-0.554846346609005
"647",0.66318117360936,0.365610215064037
"648",0.882527150706294,0.440582245142941
"649",-1.5562867902838,-1.94985749966379
"650",0.754442278138157,0.180285767767898
"651",-2.38322208493666,-2.93977451684952
"652",-4.89534141956398,-5.92068984109073
"653",0.438889632397128,1.20528986326357
"654",0.754657566195841,0.294320285601374
"655",1.71286333990463,0.861655564941756
"656",1.22383707392518,-0.0984409413783301
"657",0.24193398456601,0.0167502644215226
"658",-0.252282263254239,0.609904276786078
"659",1.65525317898647,0.386997356326435
"660",-0.317679444972903,-0.480243136598894
"661",0.279403763808733,0.483898052352175
"662",1.52449827036218,1.31060154159604
"663",0.516578952311646,-0.582571589850258
"664",-0.696312361187023,-0.010503570028166
"665",1.39994508331122,1.36662008898907
"666",1.23706061636211,-0.235080232304984
"667",0.79711144151091,-0.968852365188553
"668",0.0139448544139795,-0.542842016112835
"669",-2.04538190370159,-0.199788696256287
"670",1.00850930582677,0.271673157042479
"671",-2.94475093596359,-2.56590337028815
"672",1.3788854662345,2.06279154177194
"673",0.894678070539875,0.264042855961616
"674",0.0348187303638783,0.680970541741805
"675",0.0124100420704087,1.60151839096323
"676",-0.787711698792796,-1.160274843816
"677",-2.37391381706022,-2.1570780559616
"678",1.42999142567637,1.08130745473351
"679",-0.898830536397929,-0.737369993787588
"680",-0.583883133098784,-0.893475849373526
"681",-0.113735583633136,-0.915748314626013
"682",-2.19997007390618,-2.11827929967639
"683",0.418675113005726,-0.182134878118036
"684",-0.594259384463242,-1.19210254904162
"685",0.444881492648911,-1.07432513119983
"686",0.249954860733185,1.07721042830505
"687",-1.77823965944118,-1.31577391686333
"688",0.861798584391446,1.47435361568517
"689",0.806392517763078,1.04131485406492
"690",-0.256949506603385,-0.134548460865643
"691",-0.534813830021103,0.206258270466748
"692",-1.18944653222203,-0.209731770821301
"693",-0.119238368621184,-0.0223525035097263
"694",-0.111303220785408,-0.159581953400502
"695",1.44672193902279,0.888561307892866
"696",-0.67910621432279,-0.261796895410515
"697",1.55244115925943,1.21360480199634
"698",0.0158794252921142,-0.345562791119789
"699",0.616912752989775,0.258615610159464
"700",-1.40649271173946,-0.107599294268817
"701",-0.732613735127299,-0.25729077348263
"702",1.05250926925363,1.29085779082347
"703",-0.0913920366752436,-0.571421155578143
"704",0.965007221113435,0.118330038601302
"705",0.19352691808932,1.17753257574439
"706",0.855284973189132,0.329698104275499
"707",-0.123376134605263,-1.04739497989371
"708",0.0904308658618631,0.570407409997215
"709",-0.486768179521588,-0.210887466444471
"710",-1.13862649572659,-0.636489710214123
"711",0.0475630775830277,0.86911919629565
"712",-0.268821505582505,0.617400776320168
"713",0.172687610362662,0.623140432057137
"714",2.13826035282557,0.541502564912515
"715",0.888148802057488,0.0750629111950731
"716",-0.629708982311883,-0.309973962050691
"717",0.865370138937357,0.635436713525935
"718",-0.337184606005948,-0.0421990883233084
"719",0.0117898601884412,-0.0612278251947224
"720",0.112979855553034,-0.0825813775788653
"721",-0.479781405440189,-1.28715591563079
"722",0.284248193569363,-0.552813532662645
"723",-0.834981929561858,0.625926945380833
"724",1.10688310431889,0.870957713401952
"725",-0.782333677230446,-0.152029721583573
"726",-1.15265708583625,-0.342742330356596
"727",-1.5638461258958,-2.78084368198732
"728",-0.443239163072148,0.447659873901728
"729",1.13443871671665,0.586706278384716
"730",-0.906235441224895,-0.400400863246376
"731",0.00746626372624727,0.460752084254312
"732",0.222219368498376,-0.0916397658124454
"733",2.43387406992885,2.27778830109638
"734",0.0518231120389554,0.512594111744671
"735",-0.29401733350583,0.153634237354172
"736",-0.284029222391717,-0.221737854471992
"737",0.238137917412912,0.488829887678581
"738",-0.162667306043255,0.462710882262297
"739",0.627006985726534,0.720159123479266
"740",0.32155616845664,-0.744525621720369
"741",0.385241390751488,-1.14868074832903
"742",-0.200655348905817,0.237387303731194
"743",-0.25370090095451,-1.64378506178165
"744",1.34367895848322,1.32686834925873
"745",0.756156966719824,0.0418749645046643
"746",0.554827314142136,0.314180303557934
"747",0.922764212154971,1.22971990410059
"748",1.09448901472172,-0.0969391040706767
"749",1.44734036278703,0.121906863321005
"750",-0.0622073287687626,0.655208436969025
"751",-1.23865855818149,-0.651308018950132
"752",2.23558527298928,0.610577333026138
"753",0.389286708603652,2.42210099917062
"754",0.945825279460541,2.44760914056764
"755",1.32361844799194,2.22624816923262
"756",3.40940732642257,5.69410655136991
"757",0.477605780133224,0.175871076867143
"758",2.23638052126804,1.08928893748309
"759",1.39588323657183,0.19972792741162
"760",-1.20040081838697,-1.9269240121058
"761",1.03230516977942,0.719691907070173
"762",-0.427898392595583,-0.854226879731817
"763",-1.3526730208407,-0.676543586331082
"764",-2.90795883976369,-3.17832583059709
"765",-0.383651901014838,0.409328303188147
"766",1.23860059557749,1.72181000436496
"767",0.090787775017537,0.0339695511361263
"768",0.633950759799036,0.0770919421446592
"769",-0.391510883127732,-0.13049540764785
"770",-2.47290531839293,-2.56747587361438
"771",0.139523428804591,0.0855633023378106
"772",0.268674748222865,0.379617110073086
"773",1.38604438190679,1.14281220843042
"774",-0.615173637945124,-0.244657161606524
"775",0.62497290966165,0.395524561556158
"776",1.11786221780392,0.621263516637723
"777",-0.149032117648839,0.690291283932481
"778",0.246860136820757,-0.438571429306475
"779",0.578256203109999,0.0248410639996413
"780",-1.73936403642056,-0.690928481149504
"781",-0.0384288344559367,0.534761466267225
"782",-1.39236974950397,-0.576274711693172
"783",-0.655620676522511,-0.279021235044881
"784",-0.080857812886738,-0.233016596659233
"785",1.01930789709501,1.21948767731971
"786",1.12321482003555,1.97667681742732
"787",0.0680592525265026,0.00700420888748433
"788",-1.37599057989574,-1.47955891338253
"789",-0.162291789308008,-1.01348419276371
"790",0.3133878813638,0.437384352143098
"791",0.56995863310429,0.326856107789556
"792",0.695989944377309,0.306125426147378
"793",-1.34890736494628,-0.829402314316881
"794",0.560604136627055,0.327715503527637
"795",1.08971180634025,1.94697516419867
"796",-0.223709950804296,-0.562704281796482
"797",0.38759623586367,0.290611624490493
"798",0.63441189631174,-0.218830950702698
"799",-0.918279341717154,-0.306334391417238
"800",-0.461848942231146,-0.696968400865891
"801",-1.01201032633054,-1.47847368019783
"802",0.448947298680429,0.882682924806129
"803",-1.74652113228544,-1.36431114137596
"804",-1.52100400873348,0.25435125190539
"805",0.625562927458482,0.448069417015267
"806",0.636170141540928,0.759593223559389
"807",0.206077177651158,0.573948487080308
"808",-0.81064235253564,-0.534804722350754
"809",0.0487618695249454,-0.818142470340269
"810",1.81996867302283,2.10909220749428
"811",-0.443295452371596,-0.873331788179925
"812",-0.586459339001519,-0.919211195849637
"813",-0.0747184784680134,0.0705149020063365
"814",-1.30824694859693,-1.37174919987091
"815",0.038295561407466,0.240579231394819
"816",-0.33694099142292,0.485390241202429
"817",0.617352193863246,-0.208176533359845
"818",-0.25652655930541,-0.228413289128173
"819",1.75718299064705,1.43027680928919
"820",2.43835136289032,2.54067599710899
"821",0.10879286387865,0.00832459754970019
"822",-0.742684173762381,-0.394381880786869
"823",-0.38343779608426,0.0290226479070885
"824",-0.147086440078042,0.238744949073227
"825",-0.253655436411508,-0.704905186640324
"826",0.660186899347737,0.257342059282048
"827",-0.795262835939418,0.368523631098552
"828",-0.0881280490418675,-0.20107892329511
"829",-1.2643914305301,-0.684955351985393
"830",-0.546327700903078,-1.22889738280472
"831",-0.153468023134074,-0.308836333208812
"832",-0.340424554563647,0.535529314237301
"833",-0.207648526655353,0.330204279456036
"834",-1.68291795342165,-1.31023826592695
"835",-0.543789414290545,-0.407499491741418
"836",1.50967377361913,1.16223769353532
"837",-0.366991754910989,0.702882614429739
"838",1.21013404411089,1.06297671290676
"839",-0.42460057650188,-0.282041630984385
"840",1.99027955535532,1.69009025969845
"841",-0.495123047230735,-0.0724713550123222
"842",-1.75670435973603,-0.0883932934789029
"843",-0.0965990942500422,-0.444148979735994
"844",-0.18037696559688,-1.73513992266475
"845",0.581142303787838,1.01804319006601
"846",-0.353314072161822,0.0519080461201236
"847",-0.32649608575631,0.247380079531863
"848",0.739972963821175,0.646933264945004
"849",-0.156812849441205,0.0778796883692222
"850",0.174367735933773,1.74458778629297
"851",-0.320956722947423,-0.770304359479338
"852",-0.975386326097573,-0.605649367506836
"853",-0.0496977209431919,0.68258787027085
"854",0.261464536786063,1.51050015892374
"855",0.759650754859467,-0.792344255278165
"856",1.83066434846998,2.26641129577699
"857",-0.43875946098446,-0.240552158709291
"858",0.360514727481054,-0.146669252185896
"859",-0.492765941227732,0.0683097412617099
"860",-0.181881668634206,-0.826102068564484
"861",0.000842145641798911,-0.323077538221291
"862",-1.27105501802761,-0.836754752479449
"863",-0.380198079922785,-0.268382440130565
"864",-1.14966484746142,-0.876953809771229
"865",0.455686136409328,1.08385986931258
"866",0.102849571283998,0.0161600981111897
"867",-0.852995945501288,0.501504783964064
"868",1.11983604875132,1.51353822556189
"869",-0.486959663346312,-0.833778652808032
"870",0.388319814628719,0.390425282191631
"871",-2.44071573625457,-1.44109771592322
"872",0.055698376425868,0.6303667799183
"873",-1.70436981510715,-0.177874537623014
"874",0.162329168176345,0.672683942549868
"875",-0.322036756733082,0.272474288496879
"876",1.32738818399686,-0.135201706339708
"877",0.972429814526685,1.61236450762459
"878",1.51305466309459,1.84343401316914
"879",0.817246603000882,0.0893103428509125
"880",0.137609192672779,1.10148344296415
"881",-0.875754231385774,1.39018440705148
"882",-1.12267453504939,1.84215498116788
"883",0.765490956499917,-0.46848021016985
"884",-0.586539940202688,-0.251771508231688
"885",2.0345040230989,3.1521163390743
"886",-0.467968437368839,-0.689763203943182
"887",-0.0777190724500436,-1.31015222635842
"888",-0.536779010531165,0.0991149051319457
"889",1.35058773075656,0.686158992294826
"890",0.12668294354823,-0.893043257681613
"891",-0.0304341722584746,0.14456162218951
"892",1.19255978498407,0.762902719425964
"893",-0.861982183298639,-0.0537325155315674
"894",-0.310041885745562,1.21042456065303
"895",-1.53719991584345,-1.96817723538035
"896",-0.119560570407237,0.121802420276305
"897",-1.45558010911687,-1.87700505981267
"898",-0.680275386469,-0.397222284753363
"899",1.00397469862139,0.612966667088367
"900",0.638500480504187,0.559141244418885
"901",-1.38352971890856,0.0742816416492573
"902",-0.671161428726789,0.600515796078154
"903",-0.655440339798183,0.860996378213872
"904",0.479264304383907,1.13838579056258
"905",1.40890301654594,1.36343421829143
"906",0.780983745332789,1.62544518404379
"907",0.559103008377638,-0.277755460837001
"908",0.0891452827564333,0.0300272363552645
"909",-1.31812765102968,-2.99529014908483
"910",-0.518670138424788,0.306044331240992
"911",-0.31501664795278,-1.83872029831253
"912",-0.55212968219569,0.841300117621725
"913",-0.664932813485279,-1.74679479472043
"914",1.05000105236035,0.568827899570715
"915",-0.674200989860058,-1.25191169137731
"916",0.823890000358277,1.65689585692832
"917",-1.18923692147365,-1.78712826609569
"918",0.164890661258067,-0.21339325858233
"919",-1.26425450365019,-1.8922051365441
"920",-1.05246140632111,-0.859793296210408
"921",-0.421233733530535,0.245137347559185
"922",0.844294824844387,1.44595402986803
"923",-0.649941472362527,0.0799231461716773
"924",-0.78963773536292,-0.982295934479303
"925",0.444405862400227,0.463142451968697
"926",0.176912022381129,-0.121203861776372
"927",0.0996240408918144,0.25350638893389
"928",-0.887687298665586,-1.69313392617335
"929",0.996130134027272,0.447424330830641
"930",0.182803648018915,-0.417534039719847
"931",-0.296978680895901,-0.86801405607348
"932",0.974155254099663,-0.0738945576495512
"933",0.716411737844812,1.24673802159821
"934",-0.438318404346606,0.140199811648605
"935",-0.147127288470459,0.801018698099774
"936",0.0465334791061579,-0.767182117764803
"937",0.454697796202708,0.878133252391657
"938",0.401718380297417,0.630847005186225
"939",0.630153039479717,-0.391393543629015
"940",-0.825669494575328,-0.773097243321008
"941",-0.235412650021959,0.311027699052474
"942",-0.579195050300774,-1.28793006470093
"943",-0.79581263865823,-0.736586139100928
"944",0.52165353288176,-0.359341402530541
"945",0.964124873355272,0.181226974175666
"946",-0.0739061301454145,-0.85534331617355
"947",0.882630344428299,0.382586942777558
"948",1.66046175546759,1.43077255076706
"949",-0.483904782635934,-0.0368486154451033
"950",-0.264798762703853,0.142510309999792
"951",0.192196779615031,-0.691857550153215
"952",-0.313584871467519,0.87925723875867
"953",-1.18325054106284,-1.3723427268385
"954",0.108680334640666,0.224142413697982
"955",0.383419894486242,-0.122045535518428
"956",0.279526323059813,1.12549171893342
"957",-0.964631974853361,-0.662787419656474
"958",-0.729359212561635,-0.955255712292039
"959",-0.770509457910075,-1.08554221787452
"960",0.431148923072991,-0.127257481412252
"961",0.629631280285473,0.869291256976155
"962",0.146874156108523,0.269953245053757
"963",-0.504238890752,-0.847867169538324
"964",2.61394869608646,2.16562808462953
"965",0.0910837091308507,0.812566895850467
"966",0.238587513044316,0.00729022585007904
"967",-0.202488300247712,-0.653681743672051
"968",0.125249153118247,0.284368868314557
"969",-1.18508879034035,-1.03740210315262
"970",1.97956464211484,0.408836076409973
"971",2.55471152713156,3.43622913589783
"972",-0.3686451879234,0.372376759034113
"973",0.166374491957987,0.203217331945677
"974",-0.217178897548194,-0.143581645889124
"975",0.564946337887333,-0.193167913085909
"976",0.0136766631092264,0.0010584756290401
"977",-1.65579797919381,-0.722309014831774
"978",-0.203090816156353,-0.805459808510887
"979",-0.0621713089987343,0.533721073210038
"980",1.15446688866019,-0.303081227140016
"981",0.225608605673804,-0.527432484251251
"982",0.149872026364565,0.173645043535173
"983",2.17075502603761,0.558627796209344
"984",0.0560119142843779,-0.859012702485051
"985",-0.618318819869566,-1.30391956841843
"986",-1.16980404796559,-1.11766552874675
"987",0.966171260116634,-0.120745933997089
"988",-0.305972854522848,-0.714290724939528
"989",0.619471441232855,-0.589453104100199
"990",-0.456332205019158,0.839493536212623
"991",0.243494087817722,0.17857815246665
"992",-1.28079500523755,0.351652399576255
"993",0.431060912281541,1.39298109995588
"994",-0.00577652177600124,-0.363953281963681
"995",-0.600721914632646,-1.01463520721168
"996",0.934397307092954,0.398530987254662
"997",-1.79583608155575,0.977674144525879
"998",-1.00613849488539,-3.42291320470018
"999",0.160943808541314,-0.0663108359401323
"1000",0.391348752153817,-0.046431654701936
"1001",0.0969544055294977,0.498807150458047
"1002",0.0142048835290391,-1.28041342041268
"1003",-0.28404184577058,-0.233418936175868
"1004",2.79155660416574,0.497765019602673
"1005",0.512842537006391,0.215435723280647
"1006",-0.304678083457046,-1.36069773298132
"1007",0.104039198742678,1.73505566590998
"1008",-0.405683237181822,-0.982824876466116
"1009",0.183546174445288,0.403403453938938
"1010",-0.542296960076293,-0.216844743255891
"1011",1.35854578659654,0.296872159781472
"1012",0.490291402901581,0.0561365967110392
"1013",-1.45505995853719,-0.874259542636245
"1014",-2.36773199331642,-3.40206340868944
"1015",-0.937889361354555,-2.13864194872106
"1016",-1.42604824900183,0.478265375297774
"1017",0.936004176932281,0.545950437029511
"1018",0.27926018771221,-0.989616494193229
"1019",1.32226113910745,1.52476550200876
"1020",0.444581168139779,0.221319551096848
"1021",0.0841210432855206,0.23246452483269
"1022",-1.18722561438536,-0.150192189946076
"1023",0.180485776562935,-0.660666381046165
"1024",1.3116693843267,0.838339623093277
"1025",0.234247775933425,1.1805424206112
"1026",-0.706209557340777,-0.553820617926081
"1027",-0.253280009684952,-0.7917529850163
"1028",-1.06998025708463,-0.202479263233059
"1029",0.0908341305744943,0.112905164832896
"1030",-1.4777523473747,-1.77637717664324
"1031",1.4091386102725,0.904351664658644
"1032",-0.2158391608609,-1.06629767851303
"1033",-0.60395345237158,-1.53077648412567
"1034",1.06680679849769,0.508236359932745
"1035",0.343314664887101,1.01707123053362
"1036",-0.2491901930287,0.257628178763402
"1037",-1.31557719968717,-1.55477707982603
"1038",0.199211557520106,0.697335163877106
"1039",-0.298522590031196,-0.237194491664466
"1040",-0.0856195387930504,-0.311470147025813
"1041",0.727557951335665,1.50345008942418
"1042",0.117882275353191,0.0643436564289259
"1043",0.520876682133674,0.221623801380343
"1044",1.30906399317775,0.83780211736571
"1045",0.736425076833349,0.902561293637215
"1046",0.635124892963529,-0.835041536677017
"1047",-0.677122181553983,-0.201024557327054
"1048",-0.0490731860892419,1.16228090144032
"1049",-0.0622849053877782,-0.232025702411189
"1050",-0.433840782100939,-1.36035435838188
"1051",-0.504193961800425,-1.01807522842574
"1052",-1.10106681436439,-0.439147409820968
"1053",0.151352321887962,0.791593294484925
"1054",-0.234201673529655,-0.963176771528696
"1055",1.04928376526367,0.147998854543482
"1056",0.170373750216572,0.399485482391861
"1057",-0.953452979173347,1.42529588887983
"1058",0.147620377893593,0.266181423946721
"1059",-2.0449969194099,-0.265777688430338
"1060",1.17936915619301,-0.0820638269888501
"1061",1.33359296001863,1.6470368453525
"1062",-0.203653740859446,0.52185249112746
"1063",-1.50902306828387,-0.415695785417463
"1064",0.391440776815727,0.890894577885997
"1065",0.0200915917750588,-0.592378518494058
"1066",0.402057284842565,0.670960062867469
"1067",-0.436652161312145,-1.83485289953371
"1068",0.542553972038858,0.702237006373322
"1069",0.256525676963339,-0.0905209870792591
"1070",-0.0462183520285281,0.679690124954816
"1071",-0.242626113087062,1.01369038989794
"1072",0.320851838319146,-0.104313675636144
"1073",-0.514643152324382,-0.631999362357148
"1074",-1.11316924445204,-1.18190359803159
"1075",-0.729137367220356,-0.216435351332867
"1076",1.41328832107715,0.749571352143383
"1077",0.174894983514264,-0.446252886282368
"1078",-0.698424929933234,-1.07753118496698
"1079",0.482592329834194,-0.846414675343584
"1080",0.0988856022495726,0.679659997722659
"1081",0.620513656008303,-0.162111766580622
"1082",-0.17789613412394,-0.122485680526562
"1083",0.762892118931287,-0.290204748919059
"1084",0.11405346551645,-0.479218298416699
"1085",1.36781593444465,1.86669142112835
"1086",0.73782208089319,-0.355197415849966
"1087",0.19898724136305,0.0669979383464039
"1088",-0.648541319513184,-0.0154670800646668
"1089",0.531119507462083,-0.394025363662844
"1090",-1.42704651076274,-1.16103204254037
"1091",0.582748848046893,1.21219949544213
"1092",0.414945701421199,-0.0455287009778564
"1093",0.312397028802442,0.420778699515175
"1094",-0.367414051858784,0.211753567116641
"1095",-0.623485728962315,-0.414579075392649
"1096",0.879390520680022,-1.04760213877862
"1097",-0.600395323637873,0.00160172731724645
"1098",1.36987991031922,-0.753761223335936
"1099",0.602614029479499,0.517908345814515
"1100",-1.17060924140119,0.321770436970887
"1101",0.0484730582692681,1.07869587451862
"1102",-0.562831449805953,0.209949081239169
"1103",0.518554118324486,0.948147425834872
"1104",1.65141154028948,1.68266333400849
"1105",0.913983291577774,1.81253029787705
"1106",-0.790552725718256,-0.189295594963669
"1107",0.909969480186984,0.420302364013714
"1108",0.732542093440127,-0.520781116993856
"1109",-0.0237437023268164,-0.979076247030849
"1110",0.139966297895213,0.337068226971191
"1111",-0.838703326811461,-1.64772502591709
"1112",-0.764948733453157,-0.6824262869224
"1113",1.14281607496537,0.480946905125662
"1114",-0.261679874197117,-0.35399606921152
"1115",0.0129413289109703,0.799209495485385
"1116",-0.622032393187158,0.0864423312559463
"1117",-0.386943074106797,-0.343676041273351
"1118",1.18831105127852,0.777644139653933
"1119",-0.789921199211795,-1.9958648329476
"1120",0.497383315295053,0.601355110241804
"1121",0.510335592474461,0.320624226404012
"1122",0.677524932525157,-0.255664848884824
"1123",-0.358392053223571,-0.323305862684069
"1124",-0.96475004626371,-1.35038807596453
"1125",-0.989873121595397,0.358529316721177
"1126",0.552080365395456,0.376285005547007
"1127",-1.02594172469235,-0.646225886062484
"1128",0.598878717036893,0.660957517391711
"1129",-0.125147366444992,-1.62507313357046
"1130",-0.388068157885614,-1.26800530518888
"1131",3.33502737966809,0.195358757489858
"1132",-0.0190127465663585,1.12086484736329
"1133",0.282363318892106,-0.00720191476188288
"1134",0.318154735768545,1.36404643290302
"1135",-0.618019007683319,-0.433706930585609
"1136",0.395139137876175,-0.215020895089379
"1137",-3.01603498998969,-1.96120489010104
"1138",0.0344137671441045,0.516550787688464
"1139",-2.65590263226371,-1.25604033426369
"1140",-0.0398461159297093,-1.65112904282286
"1141",0.0263149100460103,1.37764400467291
"1142",0.739723217354597,0.0665122093185676
"1143",2.1143457104986,0.582664385768199
"1144",-0.38964584569339,0.128072641936613
"1145",-0.499537154882525,-0.0329133272471176
"1146",-1.58699893895756,-1.0886401815697
"1147",0.34539172921884,0.433775579190991
"1148",-0.0213402906034415,0.413587691635427
"1149",-0.419201851250263,0.120613776324366
"1150",0.617264013645982,0.674890136060454
"1151",1.16231427001943,-0.512442423663122
"1152",-1.07992057400328,-1.26937024164576
"1153",0.560482258972091,0.433716863464703
"1154",-2.43167358920043,-1.71780110533705
"1155",0.207277211420252,0.441626964606599
"1156",0.586518681750922,0.0996432140196635
"1157",0.395945044204206,1.32019454903897
"1158",-0.189451197935881,-0.540243584127592
"1159",-0.512782658514532,-0.233617662187026
"1160",-1.10001660904251,-1.05548193822442
"1161",-1.49797160795119,-2.4564766933269
"1162",-0.822450701895055,-1.05476577740384
"1163",-0.68460359921459,-0.631877233345049
"1164",0.211315055673124,0.620285769468032
"1165",0.801725319762275,0.0528838994146925
"1166",-1.45827100957579,-2.18093151921464
"1167",-2.06384029210168,-3.55683334724285
"1168",1.72226433440723,2.28512074436867
"1169",1.05421128892013,0.815598435578399
"1170",0.0912697810479725,0.695201687491658
"1171",-0.369233920392684,-0.413120670954266
"1172",0.34262811087098,0.205162774799163
"1173",-0.0624337475359453,0.265067520259507
"1174",-0.952781784752775,-0.22347795138394
"1175",-0.458467606548501,-1.04782543437723
"1176",-0.113435970222244,-0.0536221815131889
"1177",-0.462635338950331,-0.279247799532357
"1178",1.46839109941083,1.72148858956536
"1179",0.262731034546849,-0.39114266300527
"1180",0.122328119439409,1.06317845448205
"1181",0.114740511086051,-0.318014422942603
"1182",-1.88313062316798,-0.620756540866491
"1183",-0.181049860761978,0.498135187652534
"1184",-2.43768236384664,-1.93445064440448
"1185",1.146198017921,1.05558009895172
"1186",-1.1826183206978,-0.289796064086706
"1187",0.395680671490962,1.10585338432364
"1188",-0.766105925683282,0.0110840568764025
"1189",-0.120524546862874,-0.992540272289193
"1190",-0.219774278470202,-0.664323795656672
"1191",-0.638237997806943,-0.621997772384519
"1192",-1.37446515258947,-0.947863990618796
"1193",-0.803714853681684,0.403333267875132
"1194",-2.91727966287868,-3.35115765704133
"1195",-1.50378778792668,-0.0310362930141279
"1196",1.39595234321833,1.09254705431308
"1197",-0.739857574402102,0.811625666882491
"1198",1.95433176672636,0.757772644760998
"1199",0.163684025972708,-0.0641549739229958
"1200",-0.292749224915634,-1.94065459466464
"1201",0.052093336718515,-0.529226128533053
"1202",0.655369963471452,0.476363408566619
"1203",0.187513423106497,0.541662148256057
"1204",0.177056000290617,-0.461426889115501
"1205",0.0123255519538368,0.651657822392947
"1206",-0.0784567863782153,-0.705272338330787
"1207",0.0837517394981837,0.921922246637723
"1208",0.121402086595751,-0.31038560765151
"1209",-0.412209732279364,0.02263517901996
"1210",1.05901284959772,1.65866931986891
"1211",0.369406484223633,-0.621610842609283
"1212",-3.01469264806645,-1.2650473399917
"1213",0.743838588805899,0.216525879222986
"1214",0.380713708612698,0.029405981137189
"1215",-0.0306162602069225,0.518409532109939
"1216",0.804868959350615,0.427679369710477
"1217",1.24893557668492,1.02910473984774
"1218",-0.101387582334569,-0.440715316039647
"1219",0.500722235098607,-0.202276847565658
"1220",1.40674021045787,1.04663145481561
"1221",-0.116334338186488,0.655755268163451
"1222",0.258494538514742,0.994556496060358
"1223",-1.11646606347448,-0.318163354407034
"1224",0.785856787848494,0.975247886336334
"1225",0.13408851089861,-1.71146005512507
"1226",0.315275006879319,1.09321507534851
"1227",1.93128623031182,1.09241671134442
"1228",-0.773635746453248,-0.836205583325425
"1229",0.0474869180128413,1.18440747175768
"1230",0.215571543084039,-0.294334187170019
"1231",0.338785389080062,0.0657230037277011
"1232",-1.52182622518933,-1.01222572395189
"1233",1.55567677738077,1.23419503348099
"1234",0.578694415694977,1.03012061274457
"1235",0.0305187161683016,1.10621967777806
"1236",0.581065590393463,0.663290798636438
"1237",-0.469556246220593,-0.781529718907872
"1238",-0.188514541114707,1.29627795419813
"1239",-0.332325364537828,-0.344348629349957
"1240",0.499818778861824,0.161114867347936
"1241",-1.09129672687591,0.0275783626939747
"1242",-0.835345748289708,-1.61481712735959
"1243",0.0644773759088702,-0.222994615449712
"1244",0.0255936578560044,0.103358494376903
"1245",-1.27578157272749,-1.51285900000794
"1246",-0.841776237192736,-0.565747695984745
"1247",0.0585894051051502,-0.238299027893368
"1248",-0.318161511281173,-0.541099719697658
"1249",-1.60035062299772,-1.65890576858008
"1250",1.65522253551267,1.05388244358488
"1251",1.50178389592118,-0.373719834741776
"1252",0.462872975023282,0.275973659466425
"1253",-0.48770866298445,-1.11229852216217
"1254",-0.319162588995528,0.360045844632202
"1255",-0.48095338396955,-0.364947707007649
"1256",1.18953384360579,0.55276953128077
"1257",-0.112971175090425,-0.778244876622814
"1258",0.0838511881367821,-0.0394484617914782
"1259",-0.830713401022013,-1.13192836595701
"1260",0.00454452419100112,-0.28298789441726
"1261",-2.72149809810786,-1.62942233333795
"1262",0.213520082347709,-0.545985394888241
"1263",0.786838291625128,0.826260921406428
"1264",2.23406283121881,0.989589148303013
"1265",0.0465036586626615,-0.382324189100494
"1266",-0.384742419815753,0.110961144233618
"1267",-0.589742585610511,-1.05336460229792
"1268",1.5765937601408,1.68755386293797
"1269",0.0695080799006858,0.248614338101
"1270",-0.724332161851792,-0.35921646994644
"1271",-0.410540633398807,-0.446995960372235
"1272",0.370448587367099,0.536758560897287
"1273",-0.504449693694543,-0.863844918995481
"1274",-0.4956004686474,-0.235726662644045
"1275",0.350770517446492,0.144696949538746
"1276",0.136508456676377,-0.662288948823088
"1277",-1.94900142338391,-0.937860831666448
"1278",0.434794540829378,1.43457427751286
"1279",-0.271626507838387,-0.0442438357220443
"1280",-0.0978449173354988,-0.593166939751724
"1281",0.155074274881879,-0.213847101291928
"1282",-0.324082275548882,1.20356928509642
"1283",0.0183566270935733,-0.991396791412822
"1284",0.650312581147737,-0.65075228421762
"1285",-0.519561085998939,-0.477310146741892
"1286",0.362949916102455,0.892060269491047
"1287",-0.0768181109334283,-0.472219244991559
"1288",-0.596451394045708,-0.0415626406672122
"1289",1.29577604004899,1.65460669483678
"1290",0.468953810916544,0.413145430335702
"1291",-0.588272820044719,-0.79108857607723
"1292",-0.365803882797134,-0.0522748972911802
"1293",-1.69683900994816,-2.32573183650163
"1294",-1.98435622273274,0.0568398851956779
"1295",-0.126343498664028,-0.227143105408907
"1296",0.41769518148765,-0.677577212187084
"1297",-0.232281064178683,-0.787044969704177
"1298",-1.07288708010508,0.0280505743871507
"1299",-1.46172872019363,-0.535060346947626
"1300",1.23886448785721,0.984156209111217
"1301",-1.34687581431217,-1.0852648416853
"1302",-0.12833460635335,-0.0616351118335007
"1303",-0.069939948578114,-0.0076113002674292
"1304",-0.758249958302287,-2.35193568435196
"1305",0.0774443080491146,-0.186443983745156
"1306",2.26466602779289,0.477141036675448
"1307",0.982970191734132,-1.04942775118586
"1308",0.893753060493534,1.97408968609248
"1309",0.986126734385643,0.0105173985795593
"1310",-0.503560100954302,-0.445720927374428
"1311",-0.379552326750373,-1.69455217051079
"1312",0.00809411392650576,-0.538266015033347
"1313",0.0752856758922181,-0.482960186073743
"1314",-0.717340071660308,-2.99017421766853
"1315",-1.27352128829341,0.0379035551755703
"1316",2.50730157518159,0.12699381846801
"1317",1.52274933847304,-0.540101890460471
"1318",-1.13081295441143,-1.65815182322133
"1319",1.89052564506327,-0.870353450430785
"1320",0.686132908039372,2.71647304385308
"1321",0.13928939645425,0.544305129313248
"1322",-1.31531772628221,-0.742643726308351
"1323",1.02797336309781,2.01695863397102
"1324",-0.0329897060718709,0.233027015551609
"1325",0.526624908776489,-0.43161963752508
"1326",-0.518485442668133,-0.50824310269221
"1327",0.266530818786567,0.00987768830205342
"1328",0.608248908278038,2.13568209104463
"1329",0.779488607206261,0.540502031845671
"1330",1.20758179060519,1.23005957668026
"1331",-0.304879863105073,-0.291720546426126
"1332",1.42633266730636,-0.314460384211243
"1333",-0.71560463012328,-0.404655053982052
"1334",-0.606864583907383,-0.904009141835329
"1335",-0.387654672969022,0.447847584258419
"1336",-0.696070677425671,0.124454579721941
"1337",-0.48745704545332,-0.449834349677218
"1338",-0.246494825486639,0.748561895070278
"1339",-0.878573658546811,-1.30898871589282
"1340",1.85508003486485,3.09691865209808
"1341",-0.132991895904718,-0.0599092375449268
"1342",1.0511685913769,0.763468136876439
"1343",0.03855643299385,-0.527254569760474
"1344",1.22675129861353,1.79152981861434
"1345",-0.266174653224678,0.179056140050162
"1346",-0.401987617218946,-0.316279007998194
"1347",-0.722506845856665,0.00766100078885478
"1348",-0.0301328197736663,1.07100662738725
"1349",0.240367014130235,-1.02272432730811
"1350",-1.1324103292007,0.130300965510372
"1351",0.352403018247489,0.240083408811276
"1352",0.370086877306066,-0.310537253476471
"1353",-0.87376635175651,0.401421123967376
"1354",-1.17627890609007,-1.4109177341489
"1355",-1.10910668382978,-1.49946976539729
"1356",-0.209737977538754,0.217075859036241
"1357",0.024777931027619,0.372425667280793
"1358",0.814791749399477,-0.107591266365667
"1359",0.378201979922998,-0.281036563227031
"1360",0.447387344461407,0.856340338360955
"1361",-0.537465329151922,0.198299457513077
"1362",0.448833665322,-0.555976151696183
"1363",0.81543714239134,0.460208876840323
"1364",2.27704132785863,0.227259623945489
"1365",0.860390843344341,0.374930481274135
"1366",0.546482906604361,1.89120340690943
"1367",-0.369757722037063,0.494215314302862
"1368",0.839485100908793,1.07638077614914
"1369",-0.228779152582767,-0.317947489780178
"1370",-0.507929025427112,0.274000403083847
"1371",0.688723129230053,0.0404852538995996
"1372",0.504141760585072,1.8186374830831
"1373",1.43255498071578,1.71461950894931
"1374",-0.408409624414174,-0.204248244600881
"1375",0.862720807824951,-0.616347442148641
"1376",1.35528099522971,0.387105421855044
"1377",0.429693026937003,0.580522098651367
"1378",0.443185103131012,0.105851416572141
"1379",-0.771446783218448,-1.21193718593267
"1380",1.5078578396689,0.47751392696328
"1381",-0.307745385548422,-0.358087147327728
"1382",0.718363026304427,-1.38362069435905
"1383",-0.122066907807545,-1.44799113417213
"1384",0.140966546170469,0.177263758362415
"1385",-1.01950909266657,-0.337902477861308
"1386",1.48312565744909,1.09675564275273
"1387",-0.707566268512772,-0.544342623232666
"1388",0.796985603463645,0.769332562131682
"1389",-0.154195429919152,0.283126479276092
"1390",0.98473193466918,-0.838285530227028
"1391",-0.728572966021657,-0.363271387584157
"1392",-2.47173809991816,-1.01833397506099
"1393",1.59142856135895,2.52454316369254
"1394",0.00185140823168235,0.422899895685272
"1395",0.0172017549851523,-0.998655711775903
"1396",-1.08198989450599,-0.0852911859996882
"1397",-0.0327252836188363,-1.30078595538851
"1398",-0.673145751667707,-0.128233276060574
"1399",1.11500562231296,0.418361837276898
"1400",2.29913993738393,1.21302302994861
"1401",0.145706442028273,-0.144364721902835
"1402",-0.643634900861299,0.207965947789499
"1403",-0.701417111919284,-1.08059674632197
"1404",-1.55771551431023,-1.02010127636148
"1405",0.652714081466659,-0.724214835423245
"1406",0.34531539794669,-0.642007618032931
"1407",-0.428478014580375,-1.16975242209521
"1408",1.82293078394977,0.856986623977257
"1409",-0.478372768716951,-0.609114224592793
"1410",-0.609318268643717,0.137601014785878
"1411",-0.475235661563767,-0.874804247889574
"1412",1.85870833537121,0.217768547081163
"1413",-1.00749656829039,-0.435038984045258
"1414",0.738048389318033,0.936280069536324
"1415",0.382302343099172,0.241753612056224
"1416",1.33289963410856,0.645729734248077
"1417",0.959242619851236,-0.571698525373334
"1418",1.03154524727814,-0.445959605707148
"1419",-0.871241183051803,-0.0683470989091583
"1420",-0.315338441128782,-0.0697875949155872
"1421",-0.656312350281162,1.06935727000691
"1422",1.85193778742714,-0.0710191621827009
"1423",2.83240829376364,0.164845797502395
"1424",0.152529492796527,0.412853619050276
"1425",-1.18190666401125,-0.383922033527531
"1426",0.67665261345636,0.782058988666971
"1427",-2.33867657334204,-0.00108027292428632
"1428",0.429867371053806,-0.190873655410748
"1429",1.21062738871908,-0.661471669294348
"1430",-1.0380470280289,0.200462244640601
"1431",0.0118282669804107,0.397201449619379
"1432",-0.317489173978246,2.51973007259397
"1433",0.0539477694480313,0.479534520285339
"1434",0.0329195570807519,-0.959769901897824
"1435",0.723748466507352,-0.677399487530359
"1436",-2.61324441246415,-2.06704558849978
"1437",-0.500434747765628,-1.30277164158695
"1438",-0.388842930907853,0.00398733731104936
"1439",-1.75460280296035,-0.048367640980258
"1440",0.0326878047789063,1.21716076580298
"1441",1.6731422851199,0.982644658239676
"1442",-0.261990445353008,0.564674754840358
"1443",0.180457278013707,-0.272371380986336
"1444",0.619183989846997,1.31918386219264
"1445",-0.314401469373872,-0.603928123776985
"1446",-0.633112004171117,-1.05285427158756
"1447",-0.452276065358761,-0.308882425951832
"1448",-0.657681647807266,-1.25051745959672
"1449",0.191058781920664,1.54036587747169
"1450",-1.33878513726429,-0.223132529045199
"1451",0.28908148350439,-0.668994580499995
"1452",1.10441522471946,-0.204780790391686
"1453",-0.388562641542618,-0.360272181353887
"1454",-0.439229828077693,0.88274421093087
"1455",-0.984891871606365,-1.4567732265855
"1456",-0.396794899312664,-1.3228590503449
"1457",-0.198032529384799,-0.435347544262164
"1458",0.684594824958325,-0.153273002553954
"1459",-0.151707337317604,-0.385723447598446
"1460",0.999898168663887,-0.44243342375063
"1461",0.634855948788703,-1.46844416101327
"1462",1.18515843892554,0.227529906089663
"1463",0.393222143462088,1.42458383911576
"1464",0.0366238558613336,-0.467745222911784
"1465",-1.43083428725267,-0.295758947408792
"1466",0.742337732038857,-0.280086391164687
"1467",-0.254318399674089,1.01019237423614
"1468",0.518268434184339,0.127532883349437
"1469",0.0978900997364709,-0.0319617437217771
"1470",1.66092728668709,0.0872103684178752
"1471",0.366630303992223,-0.106672493010513
"1472",-0.503206751601552,1.42043941233534
"1473",1.56167333304501,0.960673942730243
"1474",1.33390472906973,-1.56352661290513
"1475",0.930568757768095,-0.478617603211567
"1476",-2.12640189515695,-1.06125771607755
"1477",-2.70460006373906,-1.06422167358549
"1478",0.12144476734498,0.582317903579276
"1479",-1.222484902295,0.146945660437445
"1480",0.0164402906562928,-0.70650228938716
"1481",0.14130285442053,0.0395758130382591
"1482",0.179671115371921,1.57859304596412
"1483",-0.0350910175982823,0.124422177039569
"1484",-0.916224994230865,-0.628870071748992
"1485",-0.00487638897974237,-0.723122313398147
"1486",-0.856214763328853,-0.436759514525242
"1487",-0.366470321244013,0.504845435334062
"1488",-0.0287395861160655,0.588461685834836
"1489",-1.55304078311302,-0.186979251887125
"1490",0.967045024179402,1.32109651304504
"1491",1.18674842473648,0.0570117753771119
"1492",0.0324867065391158,-1.07101728371017
"1493",-0.665716239988468,-0.377104294635906
"1494",-0.063323844248807,0.215852378673098
"1495",-1.12545154433608,-0.422965288021657
"1496",-0.377532029793881,0.111353112051652
"1497",0.480548290149245,-0.412907307237474
"1498",2.18978505192944,3.3751723594189
"1499",-0.933277964752744,-0.0834081486901856
"1500",-0.616892170681604,0.034295079097241
"1501",2.34716258171845,2.80917185866549
"1502",0.317362834279807,0.272834371163704
"1503",-0.214267438595042,-0.256015072173437
"1504",0.255925481076525,-0.967575010478267
"1505",0.795919418744114,0.899891761976064
"1506",1.49019363010402,0.119618936430226
"1507",-0.0273662482156906,-0.508640482673996
"1508",-0.812200051661641,-0.142952385060684
"1509",-0.220142482653367,-0.0959616388929163
"1510",0.444084361889589,0.0242761419815869
"1511",-2.21263776397043,-2.62186021779728
"1512",0.340517345277021,-0.717376610293415
"1513",-0.127322639713644,-0.139029230693713
"1514",-1.01978097221963,-0.567870789158189
"1515",-0.0217333796250709,0.199881535315843
"1516",-1.23878662872939,-1.12803576231172
"1517",-0.589127565739452,-1.21554104609596
"1518",1.33659063556937,0.642070587174134
"1519",-1.31973373382776,-1.18240767747518
"1520",0.0308429697073937,0.689067268969123
"1521",-1.32934380512554,0.128525115837759
"1522",0.80022022338974,1.22994385101995
"1523",1.64414958820178,0.365453869039464
"1524",0.357215056034309,-0.194792279787688
"1525",-0.475191220684759,-0.482723969409248
"1526",-0.347572494311441,0.84603138388995
"1527",0.801857983693748,1.68069372960771
"1528",-0.854340697232871,-0.528118008527764
"1529",-0.071376158969111,-0.0799465650993021
"1530",-0.571351122296518,-0.969586410651316
"1531",-0.00627852771113821,-0.511003805016189
"1532",0.753116553382659,0.574740647736563
"1533",-0.355294850515236,-0.150251056146642
"1534",-1.36270243288026,-0.277625209999461
"1535",-0.349683586028201,0.25294011660647
"1536",-0.510064358474961,-0.658271991272614
"1537",0.0908554409641553,0.696553727004548
"1538",-0.750039924038579,0.00241325271699416
"1539",-0.303133343071566,-0.430573226476257
"1540",-0.156423509094966,-1.14209695852298
"1541",2.18937320889727,2.26365564733193
"1542",-1.0668391050121,-0.845521565491232
"1543",0.0198757737438678,-0.525097357661145
"1544",-0.011692302184201,0.193424249410093
"1545",0.260257077441325,-0.466514377846332
"1546",0.0094428286662576,-0.315978635488536
"1547",0.418146625661437,-0.671072861251037
"1548",0.541699204630813,0.318815821917826
"1549",-0.0430705466660749,0.955494247910356
"1550",-1.03693964279618,-1.01124561847084
"1551",-0.577856990725833,-0.796393340359964
"1552",0.661111845953488,0.375837516757381
"1553",-1.26001826353325,-0.453313453964956
"1554",-0.825021341358163,-2.62671908276288
"1555",-1.33308617621344,-0.441292881187526
"1556",-1.6095876668943,-0.702415878876201
"1557",0.993324883548705,0.312357972458085
"1558",0.513855695793124,0.254844181887617
"1559",0.212170987712203,0.305380117634614
"1560",-0.0712655982935785,0.790932662658072
"1561",0.812476680708831,-0.00614765849039527
"1562",-0.354423233096297,-0.104414841804093
"1563",-0.549916527236126,0.387330343941882
"1564",-0.618439223727007,-0.138195033932268
"1565",1.09138646804635,0.869309569338015
"1566",1.76975512540643,0.860209948769139
"1567",0.198979605871826,-0.531008312495392
"1568",0.372406829288226,-0.317067425742642
"1569",-0.0556589794736475,-0.0271647539488494
"1570",-0.665694421802833,-1.03044442970554
"1571",1.06327748100222,-0.285690740536414
"1572",0.853172426743338,-0.0697266897917263
"1573",-0.0131923310853475,0.985794211109513
"1574",-0.445738051075011,-1.06806345463749
"1575",0.0373709848995073,-0.247424764227479
"1576",0.763631309865435,0.264006944331267
"1577",-0.491536845287054,0.56422414237588
"1578",-0.763532095157591,-0.928474379562768
"1579",0.387386169426063,0.400389990997238
"1580",-1.56175222974809,-0.692303476045827
"1581",-0.351021814852498,-0.904351574227859
"1582",0.0256340831557058,-0.0123402702484174
"1583",-0.720139939473211,-0.598917773262664
"1584",-0.370536160554939,0.35927963530136
"1585",1.70735818269882,-0.668623751207095
"1586",0.395528028734243,-0.842319726452653
"1587",-2.10773355275274,-2.20980794069869
"1588",-0.00379118534104118,-0.10123583526959
"1589",0.95336209672243,-0.42205149348014
"1590",0.423317485977965,0.318006532518677
"1591",0.991871774950714,0.454825981967532
"1592",0.136180969314116,0.585786318832591
"1593",-1.07056090319311,-2.01556854382631
"1594",-0.339847148040034,-0.426114488921958
"1595",-0.407440220278738,-0.236243011950684
"1596",-0.85528762716825,0.281127738967506
"1597",0.350182071616289,0.234143771106856
"1598",-1.90541127946742,-0.853316078315978
"1599",0.420461799492591,1.0249073421135
"1600",-0.980100244537806,0.39348456494947
"1601",-0.316215016973132,0.13460247098571
"1602",-0.956994156701008,-0.502404189917201
"1603",0.229198709825839,0.212389491050817
"1604",1.72412764150354,2.39930172145031
"1605",0.670142458002946,0.386535365700286
"1606",-0.867690479863367,-1.4774073733455
"1607",-0.542709320800982,0.0941325338903587
"1608",-0.622111121028387,-0.693439619203813
"1609",-0.98857663412882,-0.432842703701745
"1610",-1.16496956552762,-1.09333039009745
"1611",-0.465074025718562,0.0843212936268735
"1612",-0.85608180728769,-0.477540949410502
"1613",1.35000272754594,0.239318083115386
"1614",-0.917354566781285,-0.155808266631298
"1615",-0.261730338090463,0.089438051642791
"1616",-0.128966463735428,0.487732977891935
"1617",-1.23333128327343,-2.45809508613523
"1618",0.612447172594753,1.6396905883713
"1619",-0.893895515785956,0.173891193445624
"1620",-2.27058609240496,-0.480720464033001
"1621",0.871071356965302,-0.218526450397424
"1622",1.04251587810735,1.50417329740477
"1623",1.08932525576876,2.13963604042218
"1624",-0.333405042723262,0.104004298310069
"1625",-1.5958364469492,-0.389651575169816
"1626",-1.19762233017013,-1.37998107880068
"1627",-1.68307544016074,-0.648278083874629
"1628",0.12657081410885,-0.251810302343037
"1629",-1.29041074489256,-0.763339938723763
"1630",-2.05058299458045,1.0228943728925
"1631",1.93628605927124,2.43320072592433
"1632",0.74540120200509,0.914509197695434
"1633",1.36735337482464,0.323054509523398
"1634",0.900164868455225,0.685791271461583
"1635",0.029067177910294,-0.0796928318599293
"1636",0.396823207821524,1.5708079573377
"1637",0.965848410665588,0.826708492976862
"1638",0.597049205596467,0.0501160931529986
"1639",-0.123636629892146,-1.5464598690697
"1640",1.61645980336833,0.418108827924403
"1641",-2.01320398882746,-0.744881349426789
"1642",1.46205027873424,1.02755532714935
"1643",1.06812135947044,0.024528777849899
"1644",0.011555033039936,0.1953045703973
"1645",-0.486013142448535,1.04383816691741
"1646",-0.15178197898117,-0.435997612387448
"1647",-0.908182649021705,-0.284143016780824
"1648",0.501574945319474,-0.0330623054474063
"1649",0.636758080404519,0.706691859529415
"1650",0.304720395654667,0.314060538972941
"1651",0.0101105182909118,-0.975915190961701
"1652",-0.741312854379459,-0.15782297348486
"1653",0.254011941533545,0.130985598274022
"1654",1.18733113984805,0.50356185028394
"1655",-0.58031015079459,-0.975433400321267
"1656",0.652986483286069,0.435935475006768
"1657",0.160291501372515,0.00399375621378103
"1658",-0.880042815200363,-1.08625351034085
"1659",-1.3663071769931,-0.10926737761804
"1660",-0.752067962557824,0.577627725968655
"1661",-2.09192365500384,-0.688338378493841
"1662",1.39398167836646,0.153523695554589
"1663",-0.0486925818740018,0.595254474994415
"1664",0.937833085174518,1.29384181398533
"1665",-0.881048159145814,-0.268515408127196
"1666",-1.09482275672236,-0.234369674465322
"1667",-0.711200761263501,-0.803821863975642
"1668",0.151781378199322,-0.431109372096912
"1669",-1.15141472674205,-0.398810586947929
"1670",0.0618430553207388,-0.0752571111311985
"1671",-0.762440913785569,-1.05534377779825
"1672",0.00275553552029023,2.36735425846895
"1673",-1.88005276293935,-0.526417940652155
"1674",1.78924427163393,1.24812198746739
"1675",-0.040126046270085,0.172918618882458
"1676",-0.801419272814028,-0.567113960503689
"1677",0.177661238779384,-0.299401423395448
"1678",0.276981751406075,-0.461130400908575
